,Unnamed: 0,storyId,tagId
0,0,3,1
1,1,3,2
2,2,3,3
3,3,3,4
4,4,3,5
5,5,3,6
6,6,3,7
7,7,3,8
8,8,35,9
9,9,35,2
10,10,35,10
11,11,35,11
12,12,35,12
13,13,35,13
14,14,35,14
15,15,35,15
16,16,35,16
17,17,63,1
18,18,63,17
19,19,63,18
20,20,63,19
21,21,63,20
22,22,63,21
23,23,63,22
24,24,63,23
25,25,63,24
26,26,63,25
27,27,63,26
28,28,63,15
29,29,87,1
30,30,87,17
31,31,87,27
32,32,87,28
33,33,87,29
34,34,87,30
35,35,123,31
36,36,123,17
37,37,123,32
38,38,123,33
39,39,123,34
40,40,123,35
41,41,123,36
42,42,123,37
43,43,165,1
44,44,165,38
45,45,165,28
46,46,165,39
47,47,165,40
48,48,165,41
49,49,165,42
50,50,165,43
51,51,202,9
52,52,202,44
53,53,202,45
54,54,202,46
55,55,202,47
56,56,202,48
57,57,202,49
58,58,202,50
59,59,202,15
60,60,223,1
61,61,223,44
62,62,223,51
63,63,223,20
64,64,223,52
65,65,223,53
66,66,223,54
67,67,223,22
68,68,223,21
69,69,223,55
70,70,223,56
71,71,223,57
72,72,247,1
73,73,247,17
74,74,247,58
75,75,247,59
76,76,247,60
77,77,247,61
78,78,247,62
79,79,268,1
80,80,268,38
81,81,268,63
82,82,268,64
83,83,268,65
84,84,268,66
85,85,268,67
86,86,268,68
87,87,290,1
88,88,290,2
89,89,290,69
90,90,290,70
91,91,290,71
92,92,290,72
93,93,290,73
94,94,290,74
95,95,290,75
96,96,290,76
97,97,290,77
98,98,319,1
99,99,319,17
100,100,319,78
101,101,319,79
102,102,319,80
103,103,319,81
104,104,319,82
105,105,319,83
106,106,319,77
107,107,340,1
108,108,340,2
109,109,340,84
110,110,340,28
111,111,340,85
112,112,340,86
113,113,340,87
114,114,340,88
115,115,340,89
116,116,340,57
117,117,361,1
118,118,361,38
119,119,361,90
120,120,361,91
121,121,361,92
122,122,361,93
123,123,361,94
124,124,361,95
125,125,387,1
126,126,387,38
127,127,387,90
128,128,387,93
129,129,387,92
130,130,387,96
131,131,387,97
132,132,387,94
133,133,387,57
134,134,387,95
135,135,422,1
136,136,422,38
137,137,422,98
138,138,422,99
139,139,422,100
140,140,422,101
141,141,422,102
142,142,422,103
143,143,422,104
144,144,451,1
145,145,451,38
146,146,451,105
147,147,451,90
148,148,451,106
149,149,451,107
150,150,451,108
151,151,451,109
152,152,474,1
153,153,474,38
154,154,474,90
155,155,474,93
156,156,474,102
157,157,532,1
158,158,532,38
159,159,532,110
160,160,532,111
161,161,532,112
162,162,532,113
163,163,532,114
164,164,532,115
165,165,532,116
166,166,532,117
167,167,532,118
168,168,532,119
169,169,532,120
170,170,554,1
171,171,554,38
172,172,554,90
173,173,554,92
174,174,554,96
175,175,554,93
176,176,554,94
177,177,554,121
178,178,554,95
179,179,580,1
180,180,580,17
181,181,580,27
182,182,580,28
183,183,580,122
184,184,580,123
185,185,580,89
186,186,580,40
187,187,615,1
188,188,615,2
189,189,615,124
190,190,615,125
191,191,615,98
192,192,615,75
193,193,615,76
194,194,615,126
195,195,637,1
196,196,637,38
197,197,637,39
198,198,637,127
199,199,637,41
200,200,637,128
201,201,637,15
202,202,637,129
203,203,658,1
204,204,658,38
205,205,658,130
206,206,658,39
207,207,658,131
208,208,658,132
209,209,658,133
210,210,658,134
211,211,681,9
212,212,681,44
213,213,681,135
214,214,681,136
215,215,681,137
216,216,681,138
217,217,681,139
218,218,681,140
219,219,681,141
220,220,681,142
221,221,681,143
222,222,681,144
223,223,681,145
224,224,681,146
225,225,707,9
226,226,707,38
227,227,707,136
228,228,707,139
229,229,707,147
230,230,707,148
231,231,707,149
232,232,707,150
233,233,707,151
234,234,707,152
235,235,707,153
236,236,732,1
237,237,732,105
238,238,732,154
239,239,732,155
240,240,732,156
241,241,732,157
242,242,732,158
243,243,732,159
244,244,732,160
245,245,732,161
246,246,753,1
247,247,753,44
248,248,753,162
249,249,753,28
250,250,753,163
251,251,753,88
252,252,753,164
253,253,753,42
254,254,753,102
255,255,753,165
256,256,753,166
257,257,753,161
258,258,778,9
259,259,778,17
260,260,778,167
261,261,778,168
262,262,778,169
263,263,778,170
264,264,778,171
265,265,778,172
266,266,778,56
267,267,807,1
268,268,807,17
269,269,807,58
270,270,807,59
271,271,807,60
272,272,807,61
273,273,807,173
274,274,807,174
275,275,807,175
276,276,807,176
277,277,830,1
278,278,830,38
279,279,830,130
280,280,830,59
281,281,830,177
282,282,830,127
283,283,830,60
284,284,830,138
285,285,830,178
286,286,830,179
287,287,830,42
288,288,830,180
289,289,850,1
290,290,850,17
291,291,850,181
292,292,850,182
293,293,850,183
294,294,850,184
295,295,850,185
296,296,850,174
297,297,850,186
298,298,850,187
299,299,883,1
300,300,883,38
301,301,883,188
302,302,883,189
303,303,883,190
304,304,883,191
305,305,883,192
306,306,883,193
307,307,883,194
308,308,905,1
309,309,905,17
310,310,905,195
311,311,905,196
312,312,905,197
313,313,905,198
314,314,905,199
315,315,905,200
316,316,905,201
317,317,905,202
318,318,905,203
319,319,925,204
320,320,925,105
321,321,925,205
322,322,925,206
323,323,925,207
324,324,925,208
325,325,925,209
326,326,925,210
327,327,925,211
328,328,925,212
329,329,945,204
330,330,945,44
331,331,945,105
332,332,945,213
333,333,945,214
334,334,945,206
335,335,945,215
336,336,945,208
337,337,945,216
338,338,945,201
339,339,945,217
340,340,945,218
341,341,945,219
342,342,965,1
343,343,965,105
344,344,965,220
345,345,965,177
346,346,965,138
347,347,965,208
348,348,965,221
349,349,965,102
350,350,986,1
351,351,986,38
352,352,986,222
353,353,986,223
354,354,986,224
355,355,986,225
356,356,1007,1
357,357,1007,17
358,358,1007,226
359,359,1007,227
360,360,1007,228
361,361,1007,229
362,362,1007,230
363,363,1007,50
364,364,1007,225
365,365,1031,1
366,366,1031,44
367,367,1031,231
368,368,1031,232
369,369,1031,233
370,370,1031,234
371,371,1031,235
372,372,1066,1
373,373,1066,17
374,374,1066,19
375,375,1066,20
376,376,1066,22
377,377,1066,21
378,378,1066,236
379,379,1066,52
380,380,1066,55
381,381,1066,187
382,382,1066,56
383,383,1066,237
384,384,1066,238
385,385,1094,31
386,386,1094,2
387,387,1094,90
388,388,1094,96
389,389,1094,92
390,390,1094,50
391,391,1094,239
392,392,1121,9
393,393,1121,17
394,394,1121,240
395,395,1121,163
396,396,1121,241
397,397,1121,242
398,398,1121,243
399,399,1121,244
400,400,1121,245
401,401,1147,1
402,402,1147,17
403,403,1147,246
404,404,1147,90
405,405,1147,92
406,406,1147,96
407,407,1147,247
408,408,1147,248
409,409,1147,249
410,410,1147,250
411,411,1172,1
412,412,1172,38
413,413,1172,251
414,414,1172,252
415,415,1192,1
416,416,1192,17
417,417,1192,240
418,418,1192,163
419,419,1192,242
420,420,1192,241
421,421,1192,253
422,422,1192,254
423,423,1192,255
424,424,1192,256
425,425,1192,257
426,426,1219,1
427,427,1219,17
428,428,1219,258
429,429,1219,233
430,430,1219,256
431,431,1219,187
432,432,1219,259
433,433,1219,260
434,434,1240,1
435,435,1240,17
436,436,1240,261
437,437,1240,262
438,438,1267,1
439,439,1267,17
440,440,1267,263
441,441,1267,264
442,442,1267,98
443,443,1267,99
444,444,1267,265
445,445,1267,266
446,446,1308,1
447,447,1308,38
448,448,1308,39
449,449,1308,41
450,450,1308,267
451,451,1308,268
452,452,1328,1
453,453,1328,17
454,454,1328,240
455,455,1328,163
456,456,1328,269
457,457,1328,241
458,458,1328,187
459,459,1328,270
460,460,1328,271
461,461,1328,256
462,462,1348,1
463,463,1348,17
464,464,1348,272
465,465,1348,163
466,466,1348,242
467,467,1348,241
468,468,1348,273
469,469,1348,274
470,470,1348,256
471,471,1372,1
472,472,1372,38
473,473,1372,275
474,474,1372,276
475,475,1372,277
476,476,1372,278
477,477,1372,77
478,478,1401,1
479,479,1401,38
480,480,1401,279
481,481,1401,280
482,482,1401,281
483,483,1401,14
484,484,1425,1
485,485,1425,17
486,486,1425,282
487,487,1425,283
488,488,1425,284
489,489,1425,285
490,490,1425,151
491,491,1425,286
492,492,1425,267
493,493,1425,15
494,494,1425,287
495,495,1425,288
496,496,1425,289
497,497,1446,1
498,498,1446,17
499,499,1446,290
500,500,1446,279
501,501,1446,281
502,502,1446,280
503,503,1446,15
504,504,1468,9
505,505,1468,38
506,506,1468,291
507,507,1468,292
508,508,1468,293
509,509,1468,294
510,510,1468,295
511,511,1468,296
512,512,1468,297
513,513,1490,298
514,514,1490,44
515,515,1490,299
516,516,1490,279
517,517,1490,281
518,518,1490,300
519,519,1490,255
520,520,1490,301
521,521,1490,302
522,522,1516,9
523,523,1516,2
524,524,1516,303
525,525,1516,20
526,526,1516,304
527,527,1516,305
528,528,1516,15
529,529,1516,306
530,530,1549,1
531,531,1549,17
532,532,1549,307
533,533,1549,168
534,534,1549,308
535,535,1549,170
536,536,1572,1
537,537,1572,17
538,538,1572,309
539,539,1572,98
540,540,1572,310
541,541,1572,311
542,542,1572,171
543,543,1572,312
544,544,1572,313
545,545,1593,9
546,546,1593,2
547,547,1593,177
548,548,1593,141
549,549,1613,1
550,550,1613,17
551,551,1613,314
552,552,1613,206
553,553,1613,130
554,554,1613,41
555,555,1613,216
556,556,1613,42
557,557,1613,187
558,558,1613,315
559,559,1613,316
560,560,1634,1
561,561,1634,38
562,562,1634,28
563,563,1634,40
564,564,1634,56
565,565,1634,317
566,566,1657,1
567,567,1657,17
568,568,1657,318
569,569,1657,206
570,570,1657,147
571,571,1657,277
572,572,1657,255
573,573,1657,174
574,574,1685,1
575,575,1685,38
576,576,1685,319
577,577,1685,320
578,578,1685,321
579,579,1715,1
580,580,1715,17
581,581,1715,58
582,582,1715,59
583,583,1715,61
584,584,1715,60
585,585,1715,187
586,586,1715,322
587,587,1715,323
588,588,1715,324
589,589,1715,325
590,590,1741,1
591,591,1741,38
592,592,1741,177
593,593,1741,326
594,594,1741,138
595,595,1741,141
596,596,1741,256
597,597,1741,250
598,598,1741,15
599,599,1762,1
600,600,1762,17
601,601,1762,327
602,602,1762,328
603,603,1786,1
604,604,1786,213
605,605,1786,329
606,606,1786,330
607,607,1786,331
608,608,1786,332
609,609,1786,333
610,610,1786,201
611,611,1808,1
612,612,1808,38
613,613,1808,130
614,614,1808,41
615,615,1808,57
616,616,1808,334
617,617,1856,9
618,618,1856,335
619,619,1856,98
620,620,1856,336
621,621,1856,250
622,622,1856,337
623,623,1856,102
624,624,1856,338
625,625,1856,339
626,626,1856,340
627,627,1856,341
628,628,1879,1
629,629,1879,17
630,630,1879,342
631,631,1879,343
632,632,1879,344
633,633,1879,345
634,634,1879,346
635,635,1879,103
636,636,1902,1
637,637,1902,17
638,638,1902,347
639,639,1902,348
640,640,1902,349
641,641,1902,350
642,642,1902,351
643,643,1902,352
644,644,1935,1
645,645,1935,44
646,646,1935,353
647,647,1935,98
648,648,1935,354
649,649,1935,355
650,650,1935,356
651,651,1935,255
652,652,1964,1
653,653,1964,38
654,654,1964,110
655,655,1964,357
656,656,1964,358
657,657,1964,359
658,658,1964,360
659,659,1986,1
660,660,1986,17
661,661,1986,361
662,662,1986,362
663,663,1986,363
664,664,1986,364
665,665,1986,365
666,666,1986,366
667,667,1986,367
668,668,1986,368
669,669,2009,9
670,670,2009,17
671,671,2009,369
672,672,2009,370
673,673,2009,371
674,674,2009,372
675,675,2009,373
676,676,2009,374
677,677,2009,375
678,678,2009,376
679,679,2033,1
680,680,2033,17
681,681,2033,58
682,682,2033,59
683,683,2033,60
684,684,2033,61
685,685,2033,187
686,686,2033,377
687,687,2033,378
688,688,2033,255
689,689,2098,1
690,690,2098,17
691,691,2098,379
692,692,2098,39
693,693,2098,41
694,694,2098,127
695,695,2098,380
696,696,2098,286
697,697,2098,381
698,698,2098,382
699,699,2098,383
700,700,2118,1
701,701,2118,17
702,702,2118,282
703,703,2118,283
704,704,2118,284
705,705,2118,285
706,706,2118,384
707,707,2118,255
708,708,2118,385
709,709,2118,151
710,710,2144,1
711,711,2144,38
712,712,2144,386
713,713,2144,387
714,714,2144,388
715,715,2144,102
716,716,2165,9
717,717,2165,17
718,718,2165,389
719,719,2165,390
720,720,2165,391
721,721,2165,392
722,722,2165,393
723,723,2165,187
724,724,2165,103
725,725,2193,9
726,726,2193,44
727,727,2193,394
728,728,2193,300
729,729,2193,77
730,730,2193,116
731,731,2193,395
732,732,2216,1
733,733,2216,17
734,734,2216,396
735,735,2216,20
736,736,2216,22
737,737,2216,21
738,738,2216,397
739,739,2216,103
740,740,2216,287
741,741,2236,1
742,742,2236,17
743,743,2236,398
744,744,2236,399
745,745,2236,400
746,746,2236,401
747,747,2236,317
748,748,2236,402
749,749,2259,1
750,750,2259,17
751,751,2259,403
752,752,2259,404
753,753,2259,405
754,754,2259,406
755,755,2259,407
756,756,2259,408
757,757,2259,256
758,758,2284,1
759,759,2284,17
760,760,2284,307
761,761,2284,168
762,762,2284,308
763,763,2284,170
764,764,2284,409
765,765,2284,187
766,766,2284,410
767,767,2284,411
768,768,2284,377
769,769,2284,412
770,770,2309,413
771,771,2309,213
772,772,2309,414
773,773,2309,415
774,774,2309,416
775,775,2309,417
776,776,2309,418
777,777,2309,419
778,778,2333,1
779,779,2333,213
780,780,2333,420
781,781,2333,421
782,782,2333,163
783,783,2333,241
784,784,2333,422
785,785,2333,242
786,786,2333,75
787,787,2333,201
788,788,2355,1
789,789,2355,213
790,790,2355,423
791,791,2355,424
792,792,2355,425
793,793,2355,426
794,794,2355,427
795,795,2355,428
796,796,2355,200
797,797,2355,429
798,798,2375,1
799,799,2375,38
800,800,2375,430
801,801,2375,431
802,802,2375,432
803,803,2375,433
804,804,2375,434
805,805,2375,435
806,806,2375,436
807,807,2396,1
808,808,2396,17
809,809,2396,342
810,810,2396,343
811,811,2396,344
812,812,2396,345
813,813,2422,1
814,814,2422,17
815,815,2422,437
816,816,2422,48
817,817,2453,1
818,818,2453,213
819,819,2453,438
820,820,2453,439
821,821,2453,440
822,822,2453,441
823,823,2453,442
824,824,2476,204
825,825,2476,298
826,826,2476,17
827,827,2476,443
828,828,2476,90
829,829,2476,93
830,830,2476,92
831,831,2476,174
832,832,2476,247
833,833,2476,444
834,834,2476,209
835,835,2498,1
836,836,2498,44
837,837,2498,445
838,838,2498,446
839,839,2498,447
840,840,2498,448
841,841,2498,449
842,842,2498,450
843,843,2498,451
844,844,2498,77
845,845,2530,1
846,846,2530,38
847,847,2530,452
848,848,2530,453
849,849,2530,454
850,850,2530,455
851,851,2530,456
852,852,2556,1
853,853,2556,17
854,854,2556,240
855,855,2556,386
856,856,2556,163
857,857,2556,241
858,858,2556,242
859,859,2556,42
860,860,2556,457
861,861,2576,9
862,862,2576,38
863,863,2576,163
864,864,2576,242
865,865,2576,241
866,866,2576,458
867,867,2576,459
868,868,2576,460
869,869,2614,1
870,870,2614,17
871,871,2614,461
872,872,2614,462
873,873,2639,1
874,874,2639,17
875,875,2639,463
876,876,2639,464
877,877,2639,465
878,878,2639,466
879,879,2639,467
880,880,2639,468
881,881,2639,187
882,882,2639,250
883,883,2639,180
884,884,2639,469
885,885,2661,1
886,886,2661,44
887,887,2661,470
888,888,2661,471
889,889,2661,472
890,890,2661,473
891,891,2682,9
892,892,2682,2
893,893,2682,28
894,894,2682,123
895,895,2702,9
896,896,2702,38
897,897,2702,28
898,898,2702,86
899,899,2702,123
900,900,2736,1
901,901,2736,38
902,902,2736,474
903,903,2736,475
904,904,2736,476
905,905,2736,477
906,906,2736,478
907,907,2758,413
908,908,2758,17
909,909,2758,479
910,910,2758,58
911,911,2758,59
912,912,2758,60
913,913,2758,61
914,914,2758,480
915,915,2758,103
916,916,2758,481
917,917,2779,9
918,918,2779,44
919,919,2779,482
920,920,2779,28
921,921,2800,1
922,922,2800,213
923,923,2800,105
924,924,2800,44
925,925,2800,17
926,926,2800,483
927,927,2800,484
928,928,2800,485
929,929,2800,486
930,930,2800,487
931,931,2800,488
932,932,2800,489
933,933,2800,189
934,934,2800,188
935,935,2800,490
936,936,2800,491
937,937,2800,492
938,938,2800,493
939,939,2800,190
940,940,2800,459
941,941,2800,494
942,942,2800,495
943,943,2800,250
944,944,2800,217
945,945,2800,496
946,946,2800,42
947,947,2800,497
948,948,2827,9
949,949,2827,44
950,950,2827,498
951,951,2827,28
952,952,2849,1
953,953,2849,105
954,954,2849,499
955,955,2849,98
956,956,2849,500
957,957,2849,501
958,958,2849,502
959,959,2849,503
960,960,2870,1
961,961,2870,38
962,962,2870,98
963,963,2870,504
964,964,2870,336
965,965,2870,267
966,966,2890,1
967,967,2890,17
968,968,2890,505
969,969,2890,506
970,970,2890,507
971,971,2890,508
972,972,2890,509
973,973,2890,174
974,974,2890,510
975,975,2890,511
976,976,2910,1
977,977,2910,17
978,978,2910,512
979,979,2910,506
980,980,2910,513
981,981,2910,514
982,982,2910,515
983,983,2910,459
984,984,2910,510
985,985,2910,511
986,986,2910,509
987,987,2910,516
988,988,2932,1
989,989,2932,17
990,990,2932,517
991,991,2932,506
992,992,2932,518
993,993,2932,519
994,994,2932,121
995,995,2932,250
996,996,2932,520
997,997,2953,298
998,998,2953,17
999,999,2953,521
1000,1000,2953,522
1001,1001,2953,523
1002,1002,2953,524
1003,1003,2953,509
1004,1004,2973,1
1005,1005,2973,17
1006,1006,2973,525
1007,1007,2973,526
1008,1008,2973,527
1009,1009,2973,528
1010,1010,2973,509
1011,1011,2973,529
1012,1012,2973,295
1013,1013,2997,1
1014,1014,2997,105
1015,1015,2997,530
1016,1016,2997,531
1017,1017,2997,532
1018,1018,2997,533
1019,1019,2997,534
1020,1020,2997,535
1021,1021,2997,536
1022,1022,2997,50
1023,1023,2997,537
1024,1024,2997,538
1025,1025,3021,1
1026,1026,3021,105
1027,1027,3021,539
1028,1028,3021,540
1029,1029,3021,541
1030,1030,3021,542
1031,1031,3021,543
1032,1032,3021,544
1033,1033,3021,545
1034,1034,3021,538
1035,1035,3021,546
1036,1036,3043,1
1037,1037,3043,105
1038,1038,3043,547
1039,1039,3043,548
1040,1040,3043,542
1041,1041,3043,549
1042,1042,3043,550
1043,1043,3043,551
1044,1044,3043,552
1045,1045,3067,1
1046,1046,3067,17
1047,1047,3067,553
1048,1048,3067,554
1049,1049,3067,555
1050,1050,3067,556
1051,1051,3067,557
1052,1052,3067,558
1053,1053,3067,559
1054,1054,3067,560
1055,1055,3067,561
1056,1056,3067,255
1057,1057,3067,562
1058,1058,3067,563
1059,1059,3092,1
1060,1060,3092,38
1061,1061,3092,20
1062,1062,3092,22
1063,1063,3113,1
1064,1064,3113,38
1065,1065,3113,564
1066,1066,3113,565
1067,1067,3113,566
1068,1068,3113,567
1069,1069,3113,459
1070,1070,3113,568
1071,1071,3134,413
1072,1072,3134,204
1073,1073,3134,17
1074,1074,3134,569
1075,1075,3134,570
1076,1076,3134,571
1077,1077,3134,572
1078,1078,3134,573
1079,1079,3134,174
1080,1080,3134,574
1081,1081,3158,9
1082,1082,3158,17
1083,1083,3158,575
1084,1084,3158,98
1085,1085,3158,576
1086,1086,3179,1
1087,1087,3179,17
1088,1088,3179,577
1089,1089,3179,291
1090,1090,3179,578
1091,1091,3179,293
1092,1092,3179,579
1093,1093,3179,292
1094,1094,3179,286
1095,1095,3179,580
1096,1096,3179,581
1097,1097,3179,582
1098,1098,3179,583
1099,1099,3179,584
1100,1100,3179,585
1101,1101,3203,1
1102,1102,3203,38
1103,1103,3203,188
1104,1104,3203,586
1105,1105,3224,1
1106,1106,3224,17
1107,1107,3224,587
1108,1108,3224,168
1109,1109,3255,1
1110,1110,3255,17
1111,1111,3255,588
1112,1112,3255,589
1113,1113,3255,590
1114,1114,3255,591
1115,1115,3255,592
1116,1116,3255,593
1117,1117,3255,116
1118,1118,3277,9
1119,1119,3277,38
1120,1120,3277,386
1121,1121,3277,594
1122,1122,3277,595
1123,1123,3302,1
1124,1124,3302,44
1125,1125,3302,596
1126,1126,3302,597
1127,1127,3322,1
1128,1128,3322,17
1129,1129,3322,598
1130,1130,3322,426
1131,1131,3322,427
1132,1132,3342,1
1133,1133,3342,38
1134,1134,3342,599
1135,1135,3342,600
1136,1136,3342,601
1137,1137,3342,602
1138,1138,3342,116
1139,1139,3342,121
1140,1140,3365,1
1141,1141,3365,17
1142,1142,3365,603
1143,1143,3365,604
1144,1144,3365,605
1145,1145,3365,606
1146,1146,3365,228
1147,1147,3365,607
1148,1148,3365,42
1149,1149,3365,459
1150,1150,3365,520
1151,1151,3386,1
1152,1152,3386,38
1153,1153,3386,608
1154,1154,3386,168
1155,1155,3386,308
1156,1156,3386,170
1157,1157,3386,169
1158,1158,3386,300
1159,1159,3386,355
1160,1160,3386,609
1161,1161,3386,409
1162,1162,3386,610
1163,1163,3386,611
1164,1164,3411,9
1165,1165,3411,17
1166,1166,3411,612
1167,1167,3411,613
1168,1168,3411,614
1169,1169,3411,615
1170,1170,3411,616
1171,1171,3411,617
1172,1172,3411,618
1173,1173,3411,619
1174,1174,3411,620
1175,1175,3411,15
1176,1176,3411,116
1177,1177,3411,286
1178,1178,3411,621
1179,1179,3411,622
1180,1180,3411,623
1181,1181,3411,624
1182,1182,3437,1
1183,1183,3437,44
1184,1184,3437,625
1185,1185,3437,626
1186,1186,3437,163
1187,1187,3437,164
1188,1188,3437,627
1189,1189,3437,628
1190,1190,3437,102
1191,1191,3458,1
1192,1192,3458,38
1193,1193,3458,629
1194,1194,3458,136
1195,1195,3458,630
1196,1196,3458,42
1197,1197,3458,295
1198,1198,3480,1
1199,1199,3480,38
1200,1200,3480,631
1201,1201,3480,632
1202,1202,3480,633
1203,1203,3480,634
1204,1204,3480,635
1205,1205,3480,636
1206,1206,3480,259
1207,1207,3503,9
1208,1208,3503,38
1209,1209,3503,637
1210,1210,3503,638
1211,1211,3503,639
1212,1212,3503,94
1213,1213,3503,640
1214,1214,3526,1
1215,1215,3526,38
1216,1216,3526,28
1217,1217,3526,641
1218,1218,3526,642
1219,1219,3526,94
1220,1220,3526,643
1221,1221,3526,644
1222,1222,3526,645
1223,1223,3554,1
1224,1224,3554,38
1225,1225,3554,39
1226,1226,3554,41
1227,1227,3582,9
1228,1228,3582,44
1229,1229,3582,646
1230,1230,3582,386
1231,1231,3582,387
1232,1232,3582,647
1233,1233,3582,546
1234,1234,3582,648
1235,1235,3604,1
1236,1236,3604,17
1237,1237,3604,649
1238,1238,3604,650
1239,1239,3604,651
1240,1240,3604,652
1241,1241,3604,653
1242,1242,3604,287
1243,1243,3604,103
1244,1244,3604,621
1245,1245,3604,15
1246,1246,3604,654
1247,1247,3604,516
1248,1248,3628,1
1249,1249,3628,38
1250,1250,3628,655
1251,1251,3628,168
1252,1252,3628,656
1253,1253,3628,57
1254,1254,3651,1
1255,1255,3651,17
1256,1256,3651,657
1257,1257,3651,28
1258,1258,3651,85
1259,1259,3651,89
1260,1260,3651,40
1261,1261,3651,658
1262,1262,3651,659
1263,1263,3651,87
1264,1264,3651,123
1265,1265,3651,660
1266,1266,3651,86
1267,1267,3651,187
1268,1268,3673,1
1269,1269,3673,44
1270,1270,3673,661
1271,1271,3673,98
1272,1272,3673,662
1273,1273,3673,336
1274,1274,3673,15
1275,1275,3696,1
1276,1276,3696,44
1277,1277,3696,663
1278,1278,3696,110
1279,1279,3696,664
1280,1280,3696,665
1281,1281,3696,666
1282,1282,3696,667
1283,1283,3696,668
1284,1284,3696,669
1285,1285,3719,1
1286,1286,3719,44
1287,1287,3719,670
1288,1288,3719,671
1289,1289,3719,672
1290,1290,3719,673
1291,1291,3745,1
1292,1292,3745,17
1293,1293,3745,674
1294,1294,3745,20
1295,1295,3745,187
1296,1296,3745,546
1297,1297,3765,9
1298,1298,3765,38
1299,1299,3765,675
1300,1300,3765,676
1301,1301,3765,677
1302,1302,3765,678
1303,1303,3765,679
1304,1304,3765,680
1305,1305,3765,681
1306,1306,3765,682
1307,1307,3765,455
1308,1308,3765,683
1309,1309,3765,684
1310,1310,3809,1
1311,1311,3809,38
1312,1312,3809,233
1313,1313,3809,685
1314,1314,3829,1
1315,1315,3829,38
1316,1316,3829,206
1317,1317,3829,686
1318,1318,3829,94
1319,1319,3862,1
1320,1320,3862,17
1321,1321,3862,687
1322,1322,3862,688
1323,1323,3862,689
1324,1324,3862,690
1325,1325,3862,15
1326,1326,3862,287
1327,1327,3862,691
1328,1328,3862,692
1329,1329,3862,693
1330,1330,3862,694
1331,1331,3862,695
1332,1332,3888,9
1333,1333,3888,38
1334,1334,3888,177
1335,1335,3888,476
1336,1336,3888,696
1337,1337,3888,697
1338,1338,3888,698
1339,1339,3888,15
1340,1340,3910,1
1341,1341,3910,105
1342,1342,3910,699
1343,1343,3910,700
1344,1344,3910,701
1345,1345,3910,702
1346,1346,3910,217
1347,1347,3931,1
1348,1348,3931,38
1349,1349,3931,703
1350,1350,3931,704
1351,1351,3931,705
1352,1352,3931,706
1353,1353,3931,707
1354,1354,3952,413
1355,1355,3952,38
1356,1356,3952,708
1357,1357,3952,709
1358,1358,3952,710
1359,1359,3952,711
1360,1360,3952,60
1361,1361,3952,61
1362,1362,3952,480
1363,1363,3952,712
1364,1364,3952,42
1365,1365,3952,713
1366,1366,3952,714
1367,1367,3952,715
1368,1368,3952,716
1369,1369,3952,717
1370,1370,3952,718
1371,1371,3952,719
1372,1372,3952,720
1373,1373,3952,721
1374,1374,3952,722
1375,1375,3952,723
1376,1376,3972,1
1377,1377,3972,38
1378,1378,3972,724
1379,1379,3972,725
1380,1380,3972,726
1381,1381,3972,727
1382,1382,3995,1
1383,1383,3995,213
1384,1384,3995,728
1385,1385,3995,729
1386,1386,3995,730
1387,1387,3995,731
1388,1388,3995,732
1389,1389,3995,733
1390,1390,3995,734
1391,1391,3995,250
1392,1392,3995,455
1393,1393,4016,9
1394,1394,4016,17
1395,1395,4016,735
1396,1396,4016,736
1397,1397,4016,737
1398,1398,4016,738
1399,1399,4016,739
1400,1400,4016,740
1401,1401,4016,741
1402,1402,4016,742
1403,1403,4016,743
1404,1404,4016,744
1405,1405,4016,116
1406,1406,4016,201
1407,1407,4016,745
1408,1408,4016,746
1409,1409,4038,1
1410,1410,4038,17
1411,1411,4038,735
1412,1412,4038,738
1413,1413,4038,740
1414,1414,4038,741
1415,1415,4038,561
1416,1416,4038,747
1417,1417,4061,1
1418,1418,4061,17
1419,1419,4061,748
1420,1420,4061,749
1421,1421,4061,750
1422,1422,4061,751
1423,1423,4061,752
1424,1424,4061,753
1425,1425,4081,1
1426,1426,4081,17
1427,1427,4081,754
1428,1428,4081,20
1429,1429,4081,21
1430,1430,4081,22
1431,1431,4081,103
1432,1432,4081,755
1433,1433,4081,368
1434,1434,4101,1
1435,1435,4101,17
1436,1436,4101,177
1437,1437,4101,141
1438,1438,4101,142
1439,1439,4101,178
1440,1440,4101,756
1441,1441,4101,757
1442,1442,4125,1
1443,1443,4125,17
1444,1444,4125,758
1445,1445,4125,650
1446,1446,4125,759
1447,1447,4125,760
1448,1448,4125,287
1449,1449,4160,1
1450,1450,4160,17
1451,1451,4160,761
1452,1452,4160,206
1453,1453,4160,147
1454,1454,4160,762
1455,1455,4160,256
1456,1456,4160,116
1457,1457,4160,15
1458,1458,4160,763
1459,1459,4180,1
1460,1460,4180,17
1461,1461,4180,764
1462,1462,4180,650
1463,1463,4180,760
1464,1464,4180,765
1465,1465,4180,766
1466,1466,4204,1
1467,1467,4204,38
1468,1468,4204,767
1469,1469,4204,90
1470,1470,4204,96
1471,1471,4204,92
1472,1472,4204,698
1473,1473,4224,1
1474,1474,4224,38
1475,1475,4224,589
1476,1476,4224,591
1477,1477,4224,768
1478,1478,4224,116
1479,1479,4224,769
1480,1480,4224,770
1481,1481,4224,771
1482,1482,4244,1
1483,1483,4244,17
1484,1484,4244,735
1485,1485,4244,738
1486,1486,4244,740
1487,1487,4244,741
1488,1488,4244,116
1489,1489,4244,772
1490,1490,4265,1
1491,1491,4265,44
1492,1492,4265,773
1493,1493,4265,738
1494,1494,4265,741
1495,1495,4265,49
1496,1496,4265,774
1497,1497,4287,1
1498,1498,4287,17
1499,1499,4287,775
1500,1500,4287,776
1501,1501,4287,777
1502,1502,4287,778
1503,1503,4287,779
1504,1504,4287,256
1505,1505,4287,116
1506,1506,4287,455
1507,1507,4307,1
1508,1508,4307,17
1509,1509,4307,780
1510,1510,4307,781
1511,1511,4307,782
1512,1512,4307,783
1513,1513,4307,784
1514,1514,4307,15
1515,1515,4307,116
1516,1516,4307,785
1517,1517,4307,786
1518,1518,4307,787
1519,1519,4307,788
1520,1520,4307,789
1521,1521,4330,1
1522,1522,4330,38
1523,1523,4330,177
1524,1524,4330,790
1525,1525,4330,791
1526,1526,4330,792
1527,1527,4330,745
1528,1528,4330,116
1529,1529,4330,42
1530,1530,4350,9
1531,1531,4350,17
1532,1532,4350,735
1533,1533,4350,738
1534,1534,4350,793
1535,1535,4350,740
1536,1536,4350,741
1537,1537,4350,116
1538,1538,4350,256
1539,1539,4350,794
1540,1540,4350,785
1541,1541,4350,795
1542,1542,4372,1
1543,1543,4372,17
1544,1544,4372,796
1545,1545,4372,703
1546,1546,4372,797
1547,1547,4372,798
1548,1548,4372,705
1549,1549,4372,799
1550,1550,4372,116
1551,1551,4372,256
1552,1552,4372,771
1553,1553,4372,769
1554,1554,4392,1
1555,1555,4392,38
1556,1556,4392,738
1557,1557,4392,741
1558,1558,4392,116
1559,1559,4392,256
1560,1560,4413,1
1561,1561,4413,44
1562,1562,4413,800
1563,1563,4413,90
1564,1564,4413,106
1565,1565,4413,93
1566,1566,4413,801
1567,1567,4413,103
1568,1568,4413,802
1569,1569,4413,803
1570,1570,4413,804
1571,1571,4413,805
1572,1572,4433,1
1573,1573,4433,38
1574,1574,4433,806
1575,1575,4433,807
1576,1576,4433,808
1577,1577,4433,809
1578,1578,4433,810
1579,1579,4433,811
1580,1580,4433,250
1581,1581,4453,1
1582,1582,4453,44
1583,1583,4453,812
1584,1584,4453,813
1585,1585,4453,814
1586,1586,4453,168
1587,1587,4453,170
1588,1588,4453,815
1589,1589,4453,169
1590,1590,4453,816
1591,1591,4453,15
1592,1592,4453,103
1593,1593,4453,817
1594,1594,4453,818
1595,1595,4453,819
1596,1596,4453,820
1597,1597,4453,821
1598,1598,4453,822
1599,1599,4453,645
1600,1600,4453,823
1601,1601,4453,824
1602,1602,4453,825
1603,1603,4453,826
1604,1604,4475,1
1605,1605,4475,17
1606,1606,4475,452
1607,1607,4475,827
1608,1608,4475,828
1609,1609,4475,77
1610,1610,4475,829
1611,1611,4475,830
1612,1612,4475,408
1613,1613,4496,31
1614,1614,4496,17
1615,1615,4496,831
1616,1616,4496,570
1617,1617,4496,832
1618,1618,4517,9
1619,1619,4517,17
1620,1620,4517,833
1621,1621,4517,834
1622,1622,4517,835
1623,1623,4517,836
1624,1624,4517,837
1625,1625,4517,838
1626,1626,4517,116
1627,1627,4517,511
1628,1628,4517,714
1629,1629,4517,771
1630,1630,4538,1
1631,1631,4538,44
1632,1632,4538,839
1633,1633,4538,738
1634,1634,4538,840
1635,1635,4538,841
1636,1636,4538,842
1637,1637,4538,843
1638,1638,4538,844
1639,1639,4538,818
1640,1640,4558,9
1641,1641,4558,38
1642,1642,4558,845
1643,1643,4558,846
1644,1644,4558,847
1645,1645,4558,848
1646,1646,4558,849
1647,1647,4558,850
1648,1648,4558,851
1649,1649,4558,852
1650,1650,4558,250
1651,1651,4558,853
1652,1652,4558,455
1653,1653,4581,1
1654,1654,4581,44
1655,1655,4581,773
1656,1656,4581,738
1657,1657,4581,741
1658,1658,4581,49
1659,1659,4581,829
1660,1660,4581,322
1661,1661,4581,854
1662,1662,4581,855
1663,1663,4581,856
1664,1664,4604,298
1665,1665,4604,17
1666,1666,4604,857
1667,1667,4604,858
1668,1668,4604,859
1669,1669,4604,279
1670,1670,4604,343
1671,1671,4604,860
1672,1672,4604,281
1673,1673,4604,280
1674,1674,4604,15
1675,1675,4604,861
1676,1676,4604,862
1677,1677,4604,108
1678,1678,4604,863
1679,1679,4604,864
1680,1680,4604,865
1681,1681,4627,1
1682,1682,4627,213
1683,1683,4627,754
1684,1684,4627,866
1685,1685,4627,867
1686,1686,4627,868
1687,1687,4627,20
1688,1688,4627,21
1689,1689,4627,236
1690,1690,4627,22
1691,1691,4627,23
1692,1692,4627,869
1693,1693,4627,54
1694,1694,4627,337
1695,1695,4627,864
1696,1696,4627,621
1697,1697,4627,870
1698,1698,4627,863
1699,1699,4649,1
1700,1700,4649,213
1701,1701,4649,279
1702,1702,4649,281
1703,1703,4649,871
1704,1704,4649,280
1705,1705,4649,872
1706,1706,4649,873
1707,1707,4649,863
1708,1708,4649,874
1709,1709,4672,1
1710,1710,4672,44
1711,1711,4672,875
1712,1712,4672,876
1713,1713,4672,90
1714,1714,4672,877
1715,1715,4672,878
1716,1716,4694,1
1717,1717,4694,38
1718,1718,4694,879
1719,1719,4694,233
1720,1720,4694,685
1721,1721,4694,880
1722,1722,4694,881
1723,1723,4694,882
1724,1724,4714,1
1725,1725,4714,38
1726,1726,4714,883
1727,1727,4714,884
1728,1728,4714,885
1729,1729,4735,1
1730,1730,4735,105
1731,1731,4735,886
1732,1732,4735,233
1733,1733,4735,880
1734,1734,4735,685
1735,1735,4735,887
1736,1736,4735,187
1737,1737,4758,1
1738,1738,4758,17
1739,1739,4758,735
1740,1740,4758,738
1741,1741,4758,740
1742,1742,4758,741
1743,1743,4758,250
1744,1744,4758,888
1745,1745,4781,1
1746,1746,4781,17
1747,1747,4781,735
1748,1748,4781,738
1749,1749,4781,740
1750,1750,4781,741
1751,1751,4781,116
1752,1752,4802,1
1753,1753,4802,17
1754,1754,4802,735
1755,1755,4802,738
1756,1756,4802,740
1757,1757,4802,741
1758,1758,4802,116
1759,1759,4823,1
1760,1760,4823,17
1761,1761,4823,889
1762,1762,4823,738
1763,1763,4823,890
1764,1764,4823,741
1765,1765,4823,739
1766,1766,4823,179
1767,1767,4823,745
1768,1768,4823,250
1769,1769,4823,116
1770,1770,4845,1
1771,1771,4845,213
1772,1772,4845,735
1773,1773,4845,891
1774,1774,4845,892
1775,1775,4845,738
1776,1776,4845,741
1777,1777,4845,740
1778,1778,4845,893
1779,1779,4845,116
1780,1780,4845,497
1781,1781,4865,9
1782,1782,4865,17
1783,1783,4865,894
1784,1784,4865,895
1785,1785,4865,896
1786,1786,4865,897
1787,1787,4865,835
1788,1788,4865,836
1789,1789,4865,898
1790,1790,4865,899
1791,1791,4865,900
1792,1792,4865,901
1793,1793,4865,838
1794,1794,4865,116
1795,1795,4865,15
1796,1796,4865,256
1797,1797,4865,902
1798,1798,4865,903
1799,1799,4865,904
1800,1800,4865,905
1801,1801,4885,1
1802,1802,4885,17
1803,1803,4885,906
1804,1804,4885,168
1805,1805,4885,308
1806,1806,4885,170
1807,1807,4885,250
1808,1808,4885,315
1809,1809,4905,1
1810,1810,4905,17
1811,1811,4905,906
1812,1812,4905,168
1813,1813,4905,308
1814,1814,4905,170
1815,1815,4905,116
1816,1816,4905,15
1817,1817,4925,1
1818,1818,4925,17
1819,1819,4925,906
1820,1820,4925,168
1821,1821,4925,308
1822,1822,4925,170
1823,1823,4925,656
1824,1824,4925,250
1825,1825,4925,707
1826,1826,4945,1
1827,1827,4945,17
1828,1828,4945,907
1829,1829,4945,790
1830,1830,4945,908
1831,1831,4945,909
1832,1832,4945,792
1833,1833,4945,910
1834,1834,4945,250
1835,1835,4945,116
1836,1836,4945,911
1837,1837,4945,455
1838,1838,4965,1
1839,1839,4965,17
1840,1840,4965,912
1841,1841,4965,913
1842,1842,4965,914
1843,1843,4965,915
1844,1844,4965,116
1845,1845,4965,256
1846,1846,4965,15
1847,1847,4965,144
1848,1848,4965,916
1849,1849,4986,1
1850,1850,4986,38
1851,1851,4986,917
1852,1852,4986,918
1853,1853,4986,919
1854,1854,4986,920
1855,1855,4986,103
1856,1856,4986,921
1857,1857,4986,922
1858,1858,4986,923
1859,1859,5008,1
1860,1860,5008,17
1861,1861,5008,924
1862,1862,5008,925
1863,1863,5008,926
1864,1864,5008,927
1865,1865,5028,1
1866,1866,5028,38
1867,1867,5028,182
1868,1868,5028,928
1869,1869,5028,929
1870,1870,5028,930
1871,1871,5028,931
1872,1872,5028,932
1873,1873,5028,933
1874,1874,5028,934
1875,1875,5028,935
1876,1876,5028,936
1877,1877,5051,1
1878,1878,5051,17
1879,1879,5051,937
1880,1880,5051,938
1881,1881,5051,939
1882,1882,5051,940
1883,1883,5051,941
1884,1884,5051,942
1885,1885,5078,1
1886,1886,5078,17
1887,1887,5078,943
1888,1888,5078,39
1889,1889,5078,127
1890,1890,5078,41
1891,1891,5078,944
1892,1892,5078,286
1893,1893,5078,945
1894,1894,5078,287
1895,1895,5099,1
1896,1896,5099,38
1897,1897,5099,879
1898,1898,5099,177
1899,1899,5099,138
1900,1900,5099,946
1901,1901,5099,947
1902,1902,5099,140
1903,1903,5099,948
1904,1904,5099,102
1905,1905,5119,1
1906,1906,5119,17
1907,1907,5119,3
1908,1908,5119,4
1909,1909,5119,5
1910,1910,5119,949
1911,1911,5119,229
1912,1912,5119,228
1913,1913,5119,7
1914,1914,5119,6
1915,1915,5119,950
1916,1916,5119,143
1917,1917,5119,951
1918,1918,5140,1
1919,1919,5140,17
1920,1920,5140,952
1921,1921,5140,189
1922,1922,5140,190
1923,1923,5140,492
1924,1924,5140,561
1925,1925,5140,953
1926,1926,5167,9
1927,1927,5167,213
1928,1928,5167,954
1929,1929,5167,955
1930,1930,5167,956
1931,1931,5167,957
1932,1932,5167,163
1933,1933,5167,958
1934,1934,5167,164
1935,1935,5167,273
1936,1936,5167,959
1937,1937,5189,1
1938,1938,5189,38
1939,1939,5189,39
1940,1940,5189,960
1941,1941,5189,961
1942,1942,5221,9
1943,1943,5221,38
1944,1944,5221,962
1945,1945,5221,963
1946,1946,5221,964
1947,1947,5221,965
1948,1948,5221,966
1949,1949,5242,1
1950,1950,5242,17
1951,1951,5242,674
1952,1952,5242,20
1953,1953,5242,967
1954,1954,5263,1
1955,1955,5263,17
1956,1956,5263,968
1957,1957,5263,98
1958,1958,5300,1
1959,1959,5300,2
1960,1960,5300,969
1961,1961,5300,90
1962,1962,5300,970
1963,1963,5300,971
1964,1964,5300,972
1965,1965,5326,1
1966,1966,5326,44
1967,1967,5326,430
1968,1968,5326,432
1969,1969,5326,433
1970,1970,5326,973
1971,1971,5326,103
1972,1972,5346,1
1973,1973,5346,105
1974,1974,5346,974
1975,1975,5346,975
1976,1976,5346,976
1977,1977,5346,977
1978,1978,5346,102
1979,1979,5368,9
1980,1980,5368,44
1981,1981,5368,978
1982,1982,5368,28
1983,1983,5368,123
1984,1984,5368,40
1985,1985,5368,102
1986,1986,5389,9
1987,1987,5389,44
1988,1988,5389,979
1989,1989,5389,980
1990,1990,5389,981
1991,1991,5389,982
1992,1992,5389,983
1993,1993,5389,794
1994,1994,5389,984
1995,1995,5389,455
1996,1996,5410,1
1997,1997,5410,17
1998,1998,5410,985
1999,1999,5410,986
2000,2000,5410,987
2001,2001,5410,988
2002,2002,5410,989
2003,2003,5431,9
2004,2004,5431,105
2005,2005,5431,990
2006,2006,5431,991
2007,2007,5451,1
2008,2008,5451,17
2009,2009,5451,992
2010,2010,5451,993
2011,2011,5451,994
2012,2012,5451,995
2013,2013,5451,996
2014,2014,5451,997
2015,2015,5451,998
2016,2016,5451,286
2017,2017,5451,999
2018,2018,5451,1000
2019,2019,5475,1
2020,2020,5475,38
2021,2021,5475,846
2022,2022,5475,851
2023,2023,5475,847
2024,2024,5475,1001
2025,2025,5496,298
2026,2026,5496,17
2027,2027,5496,1002
2028,2028,5496,1003
2029,2029,5496,1004
2030,2030,5496,1005
2031,2031,5496,1006
2032,2032,5496,255
2033,2033,5496,1007
2034,2034,5496,1008
2035,2035,5517,1
2036,2036,5517,17
2037,2037,5517,1009
2038,2038,5517,1003
2039,2039,5517,1010
2040,2040,5517,1005
2041,2041,5517,295
2042,2042,5517,1011
2043,2043,5517,15
2044,2044,5539,1
2045,2045,5539,17
2046,2046,5539,1012
2047,2047,5539,1003
2048,2048,5539,1013
2049,2049,5539,1010
2050,2050,5539,1014
2051,2051,5539,121
2052,2052,5539,1015
2053,2053,5539,592
2054,2054,5539,286
2055,2055,5539,697
2056,2056,5561,1
2057,2057,5561,17
2058,2058,5561,1016
2059,2059,5561,189
2060,2060,5561,1017
2061,2061,5561,491
2062,2062,5584,9
2063,2063,5584,38
2064,2064,5584,279
2065,2065,5584,281
2066,2066,5584,280
2067,2067,5584,1018
2068,2068,5584,1019
2069,2069,5584,1020
2070,2070,5607,1
2071,2071,5607,38
2072,2072,5607,1003
2073,2073,5607,1021
2074,2074,5607,1004
2075,2075,5607,1022
2076,2076,5607,102
2077,2077,5607,1023
2078,2078,5639,1
2079,2079,5639,17
2080,2080,5639,952
2081,2081,5639,189
2082,2082,5639,190
2083,2083,5639,492
2084,2084,5661,31
2085,2085,5661,17
2086,2086,5661,1024
2087,2087,5661,330
2088,2088,5661,1025
2089,2089,5661,331
2090,2090,5661,287
2091,2091,5661,15
2092,2092,5661,103
2093,2093,5684,1
2094,2094,5684,38
2095,2095,5684,1026
2096,2096,5684,1027
2097,2097,5684,1028
2098,2098,5684,134
2099,2099,5684,1029
2100,2100,5684,1030
2101,2101,5684,1031
2102,2102,5715,1
2103,2103,5715,44
2104,2104,5715,1032
2105,2105,5715,1033
2106,2106,5715,1034
2107,2107,5715,1035
2108,2108,5715,1036
2109,2109,5738,298
2110,2110,5738,17
2111,2111,5738,1037
2112,2112,5738,1038
2113,2113,5738,1039
2114,2114,5738,368
2115,2115,5758,9
2116,2116,5758,17
2117,2117,5758,1040
2118,2118,5758,1041
2119,2119,5758,1042
2120,2120,5758,1043
2121,2121,5758,1044
2122,2122,5758,1045
2123,2123,5758,187
2124,2124,5779,1
2125,2125,5779,17
2126,2126,5779,1046
2127,2127,5779,20
2128,2128,5779,1047
2129,2129,5800,1
2130,2130,5800,38
2131,2131,5800,1048
2132,2132,5800,1049
2133,2133,5820,9
2134,2134,5820,38
2135,2135,5820,1050
2136,2136,5820,10
2137,2137,5820,1051
2138,2138,5820,1052
2139,2139,5841,1
2140,2140,5841,38
2141,2141,5841,20
2142,2142,5841,22
2143,2143,5841,52
2144,2144,5841,546
2145,2145,5865,1
2146,2146,5865,38
2147,2147,5865,10
2148,2148,5865,20
2149,2149,5865,52
2150,2150,5865,11
2151,2151,5865,42
2152,2152,5865,1053
2153,2153,5904,1
2154,2154,5904,38
2155,2155,5904,1054
2156,2156,5904,98
2157,2157,5904,1055
2158,2158,5904,1056
2159,2159,5904,1057
2160,2160,5904,1058
2161,2161,5904,1059
2162,2162,5904,1060
2163,2163,5904,1061
2164,2164,5904,42
2165,2165,5928,31
2166,2166,5928,44
2167,2167,5928,1062
2168,2168,5928,20
2169,2169,5928,22
2170,2170,5928,54
2171,2171,5928,256
2172,2172,5928,1063
2173,2173,5928,15
2174,2174,5928,287
2175,2175,5928,286
2176,2176,5956,1
2177,2177,5956,213
2178,2178,5956,1064
2179,2179,5956,1065
2180,2180,5956,182
2181,2181,5956,201
2182,2182,5956,1066
2183,2183,5980,1
2184,2184,5980,44
2185,2185,5980,773
2186,2186,5980,738
2187,2187,5980,741
2188,2188,5980,49
2189,2189,5980,829
2190,2190,5980,143
2191,2191,5980,1067
2192,2192,5980,256
2193,2193,5980,103
2194,2194,5980,1068
2195,2195,6016,1
2196,2196,6016,105
2197,2197,6016,1069
2198,2198,6016,1070
2199,2199,6016,1071
2200,2200,6016,1072
2201,2201,6016,1073
2202,2202,6055,1
2203,2203,6055,17
2204,2204,6055,1074
2205,2205,6055,1075
2206,2206,6055,1076
2207,2207,6055,1077
2208,2208,6055,255
2209,2209,6081,1
2210,2210,6081,17
2211,2211,6081,1078
2212,2212,6081,1079
2213,2213,6081,1080
2214,2214,6081,1081
2215,2215,6081,592
2216,2216,6081,116
2217,2217,6081,1082
2218,2218,6106,1
2219,2219,6106,44
2220,2220,6106,1083
2221,2221,6106,1084
2222,2222,6106,1085
2223,2223,6106,1086
2224,2224,6126,1
2225,2225,6126,44
2226,2226,6126,1087
2227,2227,6126,188
2228,2228,6126,189
2229,2229,6126,492
2230,2230,6126,1088
2231,2231,6126,1089
2232,2232,6150,1
2233,2233,6150,17
2234,2234,6150,1090
2235,2235,6150,1091
2236,2236,6150,738
2237,2237,6150,1092
2238,2238,6150,740
2239,2239,6150,42
2240,2240,6150,1093
2241,2241,6172,1
2242,2242,6172,2
2243,2243,6172,1094
2244,2244,6172,189
2245,2245,6172,1095
2246,2246,6172,883
2247,2247,6172,190
2248,2248,6172,884
2249,2249,6172,1096
2250,2250,6172,1097
2251,2251,6172,42
2252,2252,6195,1
2253,2253,6195,38
2254,2254,6195,177
2255,2255,6195,1098
2256,2256,6195,1099
2257,2257,6195,68
2258,2258,6195,717
2259,2259,6195,1100
2260,2260,6195,684
2261,2261,6195,1101
2262,2262,6215,1
2263,2263,6215,38
2264,2264,6215,1102
2265,2265,6215,177
2266,2266,6215,139
2267,2267,6215,140
2268,2268,6215,141
2269,2269,6215,138
2270,2270,6215,819
2271,2271,6215,1103
2272,2272,6215,1104
2273,2273,6238,1
2274,2274,6238,17
2275,2275,6238,1105
2276,2276,6238,168
2277,2277,6238,1106
2278,2278,6238,1107
2279,2279,6238,1108
2280,2280,6260,1
2281,2281,6260,17
2282,2282,6260,906
2283,2283,6260,168
2284,2284,6260,308
2285,2285,6260,170
2286,2286,6260,1109
2287,2287,6260,1110
2288,2288,6260,1111
2289,2289,6260,1112
2290,2290,6282,1
2291,2291,6282,44
2292,2292,6282,1113
2293,2293,6282,98
2294,2294,6282,504
2295,2295,6282,500
2296,2296,6282,1114
2297,2297,6306,1
2298,2298,6306,105
2299,2299,6306,1115
2300,2300,6306,20
2301,2301,6306,55
2302,2302,6306,1116
2303,2303,6306,217
2304,2304,6306,256
2305,2305,6306,187
2306,2306,6327,1
2307,2307,6327,17
2308,2308,6327,754
2309,2309,6327,20
2310,2310,6327,21
2311,2311,6327,22
2312,2312,6359,31
2313,2313,6359,17
2314,2314,6359,1002
2315,2315,6359,1003
2316,2316,6388,1
2317,2317,6388,17
2318,2318,6388,1117
2319,2319,6388,1118
2320,2320,6388,1119
2321,2321,6388,1120
2322,2322,6388,1121
2323,2323,6388,1122
2324,2324,6388,337
2325,2325,6388,121
2326,2326,6388,102
2327,2327,6388,286
2328,2328,6388,1123
2329,2329,6388,1124
2330,2330,6409,1
2331,2331,6409,17
2332,2332,6409,1125
2333,2333,6409,1126
2334,2334,6409,1127
2335,2335,6409,337
2336,2336,6409,1122
2337,2337,6409,102
2338,2338,6409,368
2339,2339,6409,1123
2340,2340,6409,225
2341,2341,6430,204
2342,2342,6430,17
2343,2343,6430,1128
2344,2344,6430,1129
2345,2345,6430,1130
2346,2346,6430,1003
2347,2347,6430,1131
2348,2348,6456,9
2349,2349,6456,17
2350,2350,6456,1002
2351,2351,6456,1003
2352,2352,6456,1004
2353,2353,6456,1005
2354,2354,6498,1
2355,2355,6498,44
2356,2356,6498,1132
2357,2357,6498,1003
2358,2358,6522,298
2359,2359,6522,44
2360,2360,6522,1133
2361,2361,6522,98
2362,2362,6522,101
2363,2363,6522,500
2364,2364,6522,287
2365,2365,6522,1134
2366,2366,6522,103
2367,2367,6546,1
2368,2368,6546,17
2369,2369,6546,1135
2370,2370,6546,1126
2371,2371,6546,1136
2372,2372,6546,1137
2373,2373,6546,337
2374,2374,6546,1122
2375,2375,6546,286
2376,2376,6546,1138
2377,2377,6546,1139
2378,2378,6546,1140
2379,2379,6546,1141
2380,2380,6546,1142
2381,2381,6546,225
2382,2382,6573,1
2383,2383,6573,17
2384,2384,6573,1143
2385,2385,6573,1144
2386,2386,6573,77
2387,2387,6618,1
2388,2388,6618,38
2389,2389,6618,1145
2390,2390,6618,98
2391,2391,6618,662
2392,2392,6618,1146
2393,2393,6618,1147
2394,2394,6618,1123
2395,2395,6618,1148
2396,2396,6618,1149
2397,2397,6642,1
2398,2398,6642,17
2399,2399,6642,1065
2400,2400,6642,182
2401,2401,6665,1
2402,2402,6665,44
2403,2403,6665,1150
2404,2404,6665,1151
2405,2405,6665,1152
2406,2406,6665,817
2407,2407,6665,267
2408,2408,6691,1
2409,2409,6691,44
2410,2410,6691,1062
2411,2411,6691,1153
2412,2412,6691,20
2413,2413,6691,54
2414,2414,6691,21
2415,2415,6691,286
2416,2416,6691,922
2417,2417,6691,717
2418,2418,6716,1
2419,2419,6716,17
2420,2420,6716,1154
2421,2421,6716,1155
2422,2422,6754,1
2423,2423,6754,17
2424,2424,6754,1156
2425,2425,6754,1157
2426,2426,6754,1158
2427,2427,6754,1159
2428,2428,6754,1160
2429,2429,6754,1161
2430,2430,6754,356
2431,2431,6754,1162
2432,2432,6754,1163
2433,2433,6786,1
2434,2434,6786,17
2435,2435,6786,735
2436,2436,6786,1164
2437,2437,6786,952
2438,2438,6786,189
2439,2439,6786,1165
2440,2440,6786,1166
2441,2441,6786,740
2442,2442,6786,741
2443,2443,6786,1167
2444,2444,6786,1168
2445,2445,6786,190
2446,2446,6786,492
2447,2447,6786,1169
2448,2448,6786,49
2449,2449,6786,1170
2450,2450,6786,1171
2451,2451,6786,116
2452,2452,6786,829
2453,2453,6786,42
2454,2454,6786,15
2455,2455,6786,305
2456,2456,6786,1172
2457,2457,6786,1173
2458,2458,6815,1
2459,2459,6815,44
2460,2460,6815,1174
2461,2461,6815,1175
2462,2462,6815,1176
2463,2463,6815,1177
2464,2464,6815,1178
2465,2465,6815,103
2466,2466,6815,922
2467,2467,6815,121
2468,2468,6815,250
2469,2469,6850,1
2470,2470,6850,44
2471,2471,6850,1179
2472,2472,6850,1180
2473,2473,6850,98
2474,2474,6850,99
2475,2475,6850,102
2476,2476,6850,1181
2477,2477,6850,15
2478,2478,6850,817
2479,2479,6871,1
2480,2480,6871,38
2481,2481,6871,1182
2482,2482,6871,1183
2483,2483,6871,1184
2484,2484,6871,1185
2485,2485,6871,697
2486,2486,6894,1
2487,2487,6894,17
2488,2488,6894,1186
2489,2489,6894,1182
2490,2490,6894,1183
2491,2491,6894,1184
2492,2492,6894,1185
2493,2493,6916,1
2494,2494,6916,38
2495,2495,6916,1187
2496,2496,6916,357
2497,2497,6916,1188
2498,2498,6938,1
2499,2499,6938,17
2500,2500,6938,1189
2501,2501,6938,1190
2502,2502,6938,1191
2503,2503,6938,1192
2504,2504,6938,1193
2505,2505,6938,1194
2506,2506,6938,1134
2507,2507,6938,286
2508,2508,6959,31
2509,2509,6959,17
2510,2510,6959,1189
2511,2511,6959,1190
2512,2512,6959,1191
2513,2513,6959,1192
2514,2514,6959,1193
2515,2515,6959,1194
2516,2516,6959,1134
2517,2517,6959,286
2518,2518,6981,1
2519,2519,6981,38
2520,2520,6981,98
2521,2521,6981,336
2522,2522,6981,1195
2523,2523,6981,621
2524,2524,7018,1
2525,2525,7018,44
2526,2526,7018,1196
2527,2527,7018,20
2528,2528,7018,1121
2529,2529,7018,21
2530,2530,7018,121
2531,2531,7018,287
2532,2532,7018,286
2533,2533,7046,1
2534,2534,7046,44
2535,2535,7046,1197
2536,2536,7046,163
2537,2537,7046,958
2538,2538,7046,1198
2539,2539,7046,1199
2540,2540,7068,1
2541,2541,7068,44
2542,2542,7068,1200
2543,2543,7068,98
2544,2544,7068,500
2545,2545,7068,99
2546,2546,7068,102
2547,2547,7068,337
2548,2548,7068,1201
2549,2549,7068,287
2550,2550,7068,295
2551,2551,7068,103
2552,2552,7091,1
2553,2553,7091,38
2554,2554,7091,98
2555,2555,7091,1202
2556,2556,7091,101
2557,2557,7091,100
2558,2558,7091,1181
2559,2559,7091,102
2560,2560,7091,881
2561,2561,7091,250
2562,2562,7133,1
2563,2563,7133,17
2564,2564,7133,1203
2565,2565,7133,1204
2566,2566,7133,1205
2567,2567,7133,1206
2568,2568,7133,1207
2569,2569,7133,697
2570,2570,7163,1
2571,2571,7163,44
2572,2572,7163,1208
2573,2573,7163,1209
2574,2574,7163,1210
2575,2575,7163,1211
2576,2576,7163,1212
2577,2577,7163,1213
2578,2578,7188,1
2579,2579,7188,213
2580,2580,7188,1214
2581,2581,7188,1215
2582,2582,7188,1216
2583,2583,7188,1217
2584,2584,7188,1218
2585,2585,7188,1219
2586,2586,7188,1220
2587,2587,7188,200
2588,2588,7188,1221
2589,2589,7211,9
2590,2590,7211,213
2591,2591,7211,1222
2592,2592,7211,1223
2593,2593,7211,1224
2594,2594,7211,597
2595,2595,7211,252
2596,2596,7211,1225
2597,2597,7211,1226
2598,2598,7211,1227
2599,2599,7211,1228
2600,2600,7211,1229
2601,2601,7211,1230
2602,2602,7211,302
2603,2603,7211,826
2604,2604,7211,1231
2605,2605,7211,201
2606,2606,7211,109
2607,2607,7211,1232
2608,2608,7211,1233
2609,2609,7211,1148
2610,2610,7211,145
2611,2611,7211,158
2612,2612,7211,1234
2613,2613,7211,286
2614,2614,7211,511
2615,2615,7211,134
2616,2616,7211,187
2617,2617,7211,1235
2618,2618,7211,1236
2619,2619,7211,1237
2620,2620,7211,1238
2621,2621,7211,1239
2622,2622,7211,1149
2623,2623,7211,1063
2624,2624,7211,1240
2625,2625,7234,1
2626,2626,7234,44
2627,2627,7234,1241
2628,2628,7234,846
2629,2629,7234,847
2630,2630,7234,850
2631,2631,7234,121
2632,2632,7263,1
2633,2633,7263,38
2634,2634,7263,597
2635,2635,7263,1242
2636,2636,7263,1243
2637,2637,7287,1
2638,2638,7287,17
2639,2639,7287,403
2640,2640,7287,404
2641,2641,7310,31
2642,2642,7310,38
2643,2643,7310,348
2644,2644,7310,1244
2645,2645,7310,1245
2646,2646,7310,476
2647,2647,7310,1246
2648,2648,7310,134
2649,2649,7310,295
2650,2650,7310,1247
2651,2651,7339,1
2652,2652,7339,44
2653,2653,7339,1248
2654,2654,7339,188
2655,2655,7339,1249
2656,2656,7339,1250
2657,2657,7339,1185
2658,2658,7367,1
2659,2659,7367,17
2660,2660,7367,754
2661,2661,7367,1251
2662,2662,7367,1252
2663,2663,7367,22
2664,2664,7367,21
2665,2665,7367,1253
2666,2666,7367,494
2667,2667,7398,1
2668,2668,7398,38
2669,2669,7398,1254
2670,2670,7398,1255
2671,2671,7398,1256
2672,2672,7398,1257
2673,2673,7430,9
2674,2674,7430,17
2675,2675,7430,1258
2676,2676,7430,1259
2677,2677,7430,189
2678,2678,7430,190
2679,2679,7430,1260
2680,2680,7463,1
2681,2681,7463,17
2682,2682,7463,1261
2683,2683,7463,291
2684,2684,7463,292
2685,2685,7463,579
2686,2686,7463,697
2687,2687,7463,1262
2688,2688,7489,9
2689,2689,7489,44
2690,2690,7489,1263
2691,2691,7489,1264
2692,2692,7489,1265
2693,2693,7489,1266
2694,2694,7489,1267
2695,2695,7489,1268
2696,2696,7489,457
2697,2697,7489,1269
2698,2698,7489,1270
2699,2699,7489,1271
2700,2700,7489,145
2701,2701,7489,1148
2702,2702,7489,1272
2703,2703,7489,1273
2704,2704,7489,1274
2705,2705,7489,1232
2706,2706,7489,1063
2707,2707,7489,1275
2708,2708,7489,1276
2709,2709,7489,1277
2710,2710,7489,1278
2711,2711,7489,171
2712,2712,7489,1279
2713,2713,7518,9
2714,2714,7518,213
2715,2715,7518,1280
2716,2716,7518,1281
2717,2717,7518,1282
2718,2718,7518,1283
2719,2719,7518,1284
2720,2720,7518,1285
2721,2721,7518,1286
2722,2722,7545,1
2723,2723,7545,2
2724,2724,7545,1287
2725,2725,7578,1
2726,2726,7578,213
2727,2727,7578,1288
2728,2728,7578,188
2729,2729,7578,1289
2730,2730,7578,1290
2731,2731,7578,1250
2732,2732,7578,1291
2733,2733,7599,1
2734,2734,7599,38
2735,2735,7599,188
2736,2736,7599,39
2737,2737,7599,41
2738,2738,7599,1292
2739,2739,7599,42
2740,2740,7599,1293
2741,2741,7599,1294
2742,2742,7621,1
2743,2743,7621,17
2744,2744,7621,1295
2745,2745,7621,20
2746,2746,7621,1296
2747,2747,7621,1047
2748,2748,7621,103
2749,2749,7621,286
2750,2750,7621,256
2751,2751,7646,1
2752,2752,7646,213
2753,2753,7646,1297
2754,2754,7646,1298
2755,2755,7646,1299
2756,2756,7670,1
2757,2757,7670,38
2758,2758,7670,1300
2759,2759,7670,1301
2760,2760,7670,1302
2761,2761,7695,1
2762,2762,7695,17
2763,2763,7695,1303
2764,2764,7695,1304
2765,2765,7695,1305
2766,2766,7695,1306
2767,2767,7695,1307
2768,2768,7695,1308
2769,2769,7695,1309
2770,2770,7695,1310
2771,2771,7695,1311
2772,2772,7695,1312
2773,2773,7728,1
2774,2774,7728,38
2775,2775,7728,1313
2776,2776,7728,1314
2777,2777,7728,1315
2778,2778,7728,1316
2779,2779,7761,9
2780,2780,7761,1317
2781,2781,7761,1318
2782,2782,7788,9
2783,2783,7788,17
2784,2784,7788,177
2785,2785,7788,1319
2786,2786,7788,948
2787,2787,7788,139
2788,2788,7788,138
2789,2789,7788,140
2790,2790,7788,141
2791,2791,7788,1320
2792,2792,7788,103
2793,2793,7788,57
2794,2794,7788,187
2795,2795,7814,9
2796,2796,7814,44
2797,2797,7814,1321
2798,2798,7814,1322
2799,2799,7814,1323
2800,2800,7814,1324
2801,2801,7814,15
2802,2802,7814,116
2803,2803,7814,546
2804,2804,7814,295
2805,2805,7814,1325
2806,2806,7814,592
2807,2807,7834,1
2808,2808,7834,213
2809,2809,7834,1326
2810,2810,7834,189
2811,2811,7834,190
2812,2812,7834,492
2813,2813,7834,1327
2814,2814,7834,1328
2815,2815,7834,1231
2816,2816,7834,1108
2817,2817,7834,1329
2818,2818,7834,1111
2819,2819,7855,9
2820,2820,7855,17
2821,2821,7855,403
2822,2822,7855,404
2823,2823,7855,405
2824,2824,7855,407
2825,2825,7881,9
2826,2826,7881,213
2827,2827,7881,279
2828,2828,7903,9
2829,2829,7903,44
2830,2830,7903,1330
2831,2831,7903,279
2832,2832,7903,281
2833,2833,7903,1331
2834,2834,7903,280
2835,2835,7903,180
2836,2836,7903,187
2837,2837,7903,103
2838,2838,7924,9
2839,2839,7924,17
2840,2840,7924,163
2841,2841,7946,9
2842,2842,7946,17
2843,2843,7946,1332
2844,2844,7969,1
2845,2845,7969,38
2846,2846,7969,233
2847,2847,7969,234
2848,2848,7993,31
2849,2849,7993,44
2850,2850,7993,17
2851,2851,7993,213
2852,2852,7993,1333
2853,2853,7993,1334
2854,2854,7993,1335
2855,2855,7993,1336
2856,2856,7993,1337
2857,2857,7993,952
2858,2858,7993,1338
2859,2859,7993,1339
2860,2860,7993,1340
2861,2861,7993,1341
2862,2862,7993,188
2863,2863,7993,1054
2864,2864,7993,189
2865,2865,7993,1342
2866,2866,7993,1151
2867,2867,7993,1343
2868,2868,7993,1084
2869,2869,7993,1056
2870,2870,7993,1344
2871,2871,7993,1059
2872,2872,7993,1345
2873,2873,7993,1346
2874,2874,7993,1250
2875,2875,7993,1057
2876,2876,7993,1347
2877,2877,7993,1348
2878,2878,7993,1349
2879,2879,7993,492
2880,2880,7993,190
2881,2881,7993,1350
2882,2882,7993,1351
2883,2883,7993,1058
2884,2884,7993,1060
2885,2885,7993,1352
2886,2886,7993,1152
2887,2887,7993,1353
2888,2888,7993,191
2889,2889,7993,1290
2890,2890,7993,1354
2891,2891,7993,1249
2892,2892,7993,1061
2893,2893,7993,490
2894,2894,7993,1355
2895,2895,7993,1055
2896,2896,7993,1356
2897,2897,7993,1357
2898,2898,7993,1358
2899,2899,7993,1359
2900,2900,7993,42
2901,2901,7993,256
2902,2902,7993,1360
2903,2903,7993,259
2904,2904,7993,1229
2905,2905,7993,201
2906,2906,7993,1361
2907,2907,8016,1
2908,2908,8016,44
2909,2909,8016,1362
2910,2910,8016,1363
2911,2911,8016,1364
2912,2912,8016,1365
2913,2913,8016,1366
2914,2914,8016,15
2915,2915,8016,817
2916,2916,8016,1367
2917,2917,8016,1134
2918,2918,8047,413
2919,2919,8047,17
2920,2920,8047,1368
2921,2921,8047,1254
2922,2922,8047,1255
2923,2923,8047,1369
2924,2924,8047,887
2925,2925,8047,1108
2926,2926,8047,1370
2927,2927,8047,356
2928,2928,8047,856
2929,2929,8074,9
2930,2930,8074,105
2931,2931,8074,1371
2932,2932,8074,1372
2933,2933,8074,1373
2934,2934,8074,28
2935,2935,8074,206
2936,2936,8074,177
2937,2937,8074,1374
2938,2938,8074,40
2939,2939,8074,1375
2940,2940,8074,89
2941,2941,8074,791
2942,2942,8074,1376
2943,2943,8074,1377
2944,2944,8074,1378
2945,2945,8074,42
2946,2946,8074,209
2947,2947,8074,1379
2948,2948,8074,1380
2949,2949,8074,109
2950,2950,8074,1148
2951,2951,8074,158
2952,2952,8074,1149
2953,2953,8074,1381
2954,2954,8074,1382
2955,2955,8074,1383
2956,2956,8074,1384
2957,2957,8074,1385
2958,2958,8074,1386
2959,2959,8074,1387
2960,2960,8074,301
2961,2961,8074,1388
2962,2962,8074,1389
2963,2963,8074,1390
2964,2964,8074,134
2965,2965,8074,1391
2966,2966,8074,1392
2967,2967,8074,1393
2968,2968,8074,1394
2969,2969,8074,794
2970,2970,8074,1395
2971,2971,8074,1396
2972,2972,8074,1397
2973,2973,8074,1398
2974,2974,8074,1399
2975,2975,8074,1239
2976,2976,8099,1
2977,2977,8099,17
2978,2978,8099,1400
2979,2979,8099,1401
2980,2980,8099,1402
2981,2981,8099,1403
2982,2982,8099,1404
2983,2983,8099,1405
2984,2984,8099,1406
2985,2985,8099,356
2986,2986,8099,1066
2987,2987,8099,1385
2988,2988,8120,413
2989,2989,8120,44
2990,2990,8120,1208
2991,2991,8120,1209
2992,2992,8120,1210
2993,2993,8120,1211
2994,2994,8120,1213
2995,2995,8120,1066
2996,2996,8149,1
2997,2997,8149,38
2998,2998,8149,879
2999,2999,8149,1254
3000,3000,8149,1255
3001,3001,8149,1369
3002,3002,8149,1407
3003,3003,8149,356
3004,3004,8170,1
3005,3005,8170,17
3006,3006,8170,1408
3007,3007,8170,993
3008,3008,8170,1409
3009,3009,8170,996
3010,3010,8170,1410
3011,3011,8195,1
3012,3012,8195,38
3013,3013,8195,168
3014,3014,8195,169
3015,3015,8220,1
3016,3016,8220,17
3017,3017,8220,1411
3018,3018,8220,464
3019,3019,8242,1
3020,3020,8242,38
3021,3021,8242,189
3022,3022,8242,1412
3023,3023,8242,1151
3024,3024,8242,1290
3025,3025,8242,1249
3026,3026,8242,1354
3027,3027,8242,190
3028,3028,8242,493
3029,3029,8242,1413
3030,3030,8242,492
3031,3031,8242,1414
3032,3032,8242,1152
3033,3033,8242,1415
3034,3034,8242,1416
3035,3035,8242,1417
3036,3036,8270,1
3037,3037,8270,17
3038,3038,8270,1418
3039,3039,8270,1419
3040,3040,8270,1420
3041,3041,8270,1421
3042,3042,8270,1422
3043,3043,8296,1
3044,3044,8296,38
3045,3045,8296,1423
3046,3046,8296,1424
3047,3047,8296,1425
3048,3048,8296,1426
3049,3049,8296,1427
3050,3050,8296,1428
3051,3051,8296,1429
3052,3052,8296,1430
3053,3053,8296,1431
3054,3054,8296,109
3055,3055,8296,158
3056,3056,8321,1
3057,3057,8321,38
3058,3058,8321,1432
3059,3059,8321,1433
3060,3060,8321,1434
3061,3061,8321,134
3062,3062,8321,295
3063,3063,8346,1
3064,3064,8346,44
3065,3065,8346,1435
3066,3066,8346,1436
3067,3067,8346,1437
3068,3068,8346,1438
3069,3069,8346,1439
3070,3070,8346,1385
3071,3071,8370,9
3072,3072,8370,105
3073,3073,8370,1440
3074,3074,8370,177
3075,3075,8370,1441
3076,3076,8370,1442
3077,3077,8370,102
3078,3078,8370,109
3079,3079,8370,1148
3080,3080,8370,158
3081,3081,8370,1103
3082,3082,8370,882
3083,3083,8370,1443
3084,3084,8370,134
3085,3085,8370,1444
3086,3086,8397,413
3087,3087,8397,17
3088,3088,8397,1445
3089,3089,8397,177
3090,3090,8397,1446
3091,3091,8397,138
3092,3092,8397,140
3093,3093,8424,31
3094,3094,8424,38
3095,3095,8424,1447
3096,3096,8424,1448
3097,3097,8424,1449
3098,3098,8424,1450
3099,3099,8424,177
3100,3100,8445,9
3101,3101,8445,2
3102,3102,8445,1451
3103,3103,8445,1452
3104,3104,8445,1453
3105,3105,8445,1454
3106,3106,8484,1
3107,3107,8484,17
3108,3108,8484,1455
3109,3109,8484,1456
3110,3110,8484,1457
3111,3111,8484,1458
3112,3112,8484,102
3113,3113,8515,1
3114,3114,8515,17
3115,3115,8515,1459
3116,3116,8515,1265
3117,3117,8515,1460
3118,3118,8515,1461
3119,3119,8515,1462
3120,3120,8515,102
3121,3121,8544,298
3122,3122,8544,17
3123,3123,8544,577
3124,3124,8544,1463
3125,3125,8544,291
3126,3126,8544,578
3127,3127,8544,293
3128,3128,8544,1464
3129,3129,8544,1465
3130,3130,8544,15
3131,3131,8571,9
3132,3132,8571,38
3133,3133,8571,1466
3134,3134,8571,1467
3135,3135,8571,1468
3136,3136,8571,1469
3137,3137,8571,1470
3138,3138,8571,1471
3139,3139,8571,1472
3140,3140,8571,1473
3141,3141,8571,643
3142,3142,8571,1103
3143,3143,8571,109
3144,3144,8571,1474
3145,3145,8571,1475
3146,3146,8594,1
3147,3147,8594,17
3148,3148,8594,1476
3149,3149,8594,1477
3150,3150,8594,1478
3151,3151,8594,1479
3152,3152,8620,1
3153,3153,8620,17
3154,3154,8620,1480
3155,3155,8620,1481
3156,3156,8620,1482
3157,3157,8620,1483
3158,3158,8620,301
3159,3159,8620,187
3160,3160,8620,15
3161,3161,8620,1370
3162,3162,8644,9
3163,3163,8644,17
3164,3164,8644,1484
3165,3165,8644,1485
3166,3166,8644,284
3167,3167,8644,285
3168,3168,8644,1486
3169,3169,8644,476
3170,3170,8665,1
3171,3171,8665,213
3172,3172,8665,1487
3173,3173,8665,1488
3174,3174,8665,1489
3175,3175,8665,1490
3176,3176,8665,1491
3177,3177,8665,1492
3178,3178,8665,1219
3179,3179,8665,209
3180,3180,8665,1493
3181,3181,8688,9
3182,3182,8688,213
3183,3183,8688,1494
3184,3184,8688,1495
3185,3185,8688,1496
3186,3186,8688,28
3187,3187,8688,287
3188,3188,8688,15
3189,3189,8688,201
3190,3190,8688,217
3191,3191,8688,174
3192,3192,8688,1063
3193,3193,8716,9
3194,3194,8716,38
3195,3195,8716,1497
3196,3196,8716,906
3197,3197,8716,168
3198,3198,8716,256
3199,3199,8716,1498
3200,3200,8751,1
3201,3201,8751,17
3202,3202,8751,1499
3203,3203,8751,1500
3204,3204,8774,9
3205,3205,8774,17
3206,3206,8774,1501
3207,3207,8774,1502
3208,3208,8774,1503
3209,3209,8774,1504
3210,3210,8774,1505
3211,3211,8774,1506
3212,3212,8774,621
3213,3213,8774,1507
3214,3214,8774,1508
3215,3215,8774,1509
3216,3216,8774,1510
3217,3217,8774,1511
3218,3218,8774,1512
3219,3219,8774,1513
3220,3220,8774,1514
3221,3221,8774,1515
3222,3222,8774,1516
3223,3223,8801,1
3224,3224,8801,105
3225,3225,8801,1517
3226,3226,8801,177
3227,3227,8801,1370
3228,3228,8801,561
3229,3229,8822,1
3230,3230,8822,44
3231,3231,8822,1518
3232,3232,8822,1519
3233,3233,8822,1520
3234,3234,8822,1521
3235,3235,8822,259
3236,3236,8822,495
3237,3237,8843,1
3238,3238,8843,17
3239,3239,8843,906
3240,3240,8843,168
3241,3241,8843,1407
3242,3242,8866,1
3243,3243,8866,44
3244,3244,8866,1522
3245,3245,8866,177
3246,3246,8866,459
3247,3247,8866,1523
3248,3248,8866,178
3249,3249,8888,9
3250,3250,8888,213
3251,3251,8888,1524
3252,3252,8888,283
3253,3253,8888,1525
3254,3254,8888,697
3255,3255,8916,1
3256,3256,8916,213
3257,3257,8916,1526
3258,3258,8916,90
3259,3259,8916,92
3260,3260,8916,1527
3261,3261,8916,546
3262,3262,8937,1
3263,3263,8937,38
3264,3264,8937,98
3265,3265,8937,1528
3266,3266,8937,1202
3267,3267,8937,103
3268,3268,8937,1429
3269,3269,8937,1529
3270,3270,8961,1
3271,3271,8961,17
3272,3272,8961,754
3273,3273,8961,20
3274,3274,8961,22
3275,3275,8961,21
3276,3276,8983,1
3277,3277,8983,17
3278,3278,8983,1530
3279,3279,8983,1531
3280,3280,8983,1532
3281,3281,8983,1533
3282,3282,8983,1534
3283,3283,9004,9
3284,3284,9004,213
3285,3285,9004,20
3286,3286,9004,455
3287,3287,9004,1535
3288,3288,9004,187
3289,3289,9004,1536
3290,3290,9025,1
3291,3291,9025,17
3292,3292,9025,1537
3293,3293,9025,189
3294,3294,9025,39
3295,3295,9025,190
3296,3296,9025,1538
3297,3297,9025,492
3298,3298,9025,491
3299,3299,9025,490
3300,3300,9025,42
3301,3301,9048,31
3302,3302,9048,17
3303,3303,9048,814
3304,3304,9048,168
3305,3305,9048,15
3306,3306,9069,1
3307,3307,9069,38
3308,3308,9069,233
3309,3309,9069,234
3310,3310,9069,1539
3311,3311,9069,880
3312,3312,9069,1540
3313,3313,9091,1
3314,3314,9091,213
3315,3315,9091,1541
3316,3316,9091,1542
3317,3317,9091,103
3318,3318,9091,1229
3319,3319,9091,201
3320,3320,9091,621
3321,3321,9091,395
3322,3322,9112,298
3323,3323,9112,105
3324,3324,9112,1543
3325,3325,9112,1544
3326,3326,9112,171
3327,3327,9112,187
3328,3328,9138,1
3329,3329,9138,38
3330,3330,9138,386
3331,3331,9138,1545
3332,3332,9138,1546
3333,3333,9160,413
3334,3334,9160,204
3335,3335,9160,213
3336,3336,9160,1547
3337,3337,9160,1548
3338,3338,9160,1549
3339,3339,9160,1550
3340,3340,9160,1551
3341,3341,9160,1552
3342,3342,9160,1553
3343,3343,9160,1554
3344,3344,9160,287
3345,3345,9160,864
3346,3346,9160,1555
3347,3347,9160,621
3348,3348,9160,187
3349,3349,9160,1556
3350,3350,9160,715
3351,3351,9160,713
3352,3352,9160,1231
3353,3353,9160,1557
3354,3354,9160,1558
3355,3355,9160,1559
3356,3356,9160,1560
3357,3357,9185,1
3358,3358,9185,17
3359,3359,9185,1561
3360,3360,9185,1054
3361,3361,9185,1056
3362,3362,9185,1061
3363,3363,9185,1055
3364,3364,9185,1059
3365,3365,9185,1060
3366,3366,9185,1057
3367,3367,9185,286
3368,3368,9185,250
3369,3369,9213,204
3370,3370,9213,44
3371,3371,9213,1562
3372,3372,9213,1563
3373,3373,9213,99
3374,3374,9213,1564
3375,3375,9213,1565
3376,3376,9213,1566
3377,3377,9213,1567
3378,3378,9213,134
3379,3379,9247,1
3380,3380,9247,105
3381,3381,9247,1568
3382,3382,9247,188
3383,3383,9247,546
3384,3384,9247,1185
3385,3385,9280,413
3386,3386,9280,105
3387,3387,9280,1569
3388,3388,9280,1003
3389,3389,9280,1570
3390,3390,9280,1571
3391,3391,9280,1572
3392,3392,9303,1
3393,3393,9303,38
3394,3394,9303,1573
3395,3395,9303,1574
3396,3396,9303,1575
3397,3397,9303,1066
3398,3398,9303,301
3399,3399,9303,888
3400,3400,9324,1
3401,3401,9324,17
3402,3402,9324,1576
3403,3403,9324,1573
3404,3404,9324,1575
3405,3405,9324,1577
3406,3406,9348,1
3407,3407,9348,38
3408,3408,9348,1578
3409,3409,9348,281
3410,3410,9348,1579
3411,3411,9348,1580
3412,3412,9348,459
3413,3413,9348,1581
3414,3414,9348,1582
3415,3415,9370,413
3416,3416,9370,105
3417,3417,9370,1583
3418,3418,9370,136
3419,3419,9370,140
3420,3420,9370,208
3421,3421,9370,141
3422,3422,9370,138
3423,3423,9370,139
3424,3424,9370,1584
3425,3425,9370,948
3426,3426,9370,1585
3427,3427,9390,9
3428,3428,9390,17
3429,3429,9390,1586
3430,3430,9390,1587
3431,3431,9390,113
3432,3432,9390,1588
3433,3433,9390,1589
3434,3434,9390,1590
3435,3435,9390,953
3436,3436,9390,1591
3437,3437,9390,1592
3438,3438,9390,1593
3439,3439,9390,1594
3440,3440,9390,1595
3441,3441,9390,1596
3442,3442,9390,1597
3443,3443,9390,1598
3444,3444,9390,1599
3445,3445,9390,1007
3446,3446,9390,1600
3447,3447,9390,861
3448,3448,9390,1601
3449,3449,9390,1602
3450,3450,9410,1
3451,3451,9410,44
3452,3452,9410,1603
3453,3453,9410,1573
3454,3454,9410,1604
3455,3455,9410,1574
3456,3456,9432,9
3457,3457,9432,943
3458,3458,9432,1605
3459,3459,9432,39
3460,3460,9432,127
3461,3461,9432,41
3462,3462,9432,1606
3463,3463,9432,1607
3464,3464,9432,1516
3465,3465,9432,1608
3466,3466,9432,832
3467,3467,9456,9
3468,3468,9456,17
3469,3469,9456,1586
3470,3470,9456,1587
3471,3471,9456,113
3472,3472,9456,1588
3473,3473,9456,1513
3474,3474,9456,1609
3475,3475,9456,1589
3476,3476,9456,1610
3477,3477,9456,1595
3478,3478,9456,1611
3479,3479,9456,621
3480,3480,9456,1596
3481,3481,9456,1599
3482,3482,9456,1612
3483,3483,9488,9
3484,3484,9488,17
3485,3485,9488,1613
3486,3486,9488,1614
3487,3487,9488,620
3488,3488,9488,618
3489,3489,9488,103
3490,3490,9488,1615
3491,3491,9488,1616
3492,3492,9516,9
3493,3493,9516,17
3494,3494,9516,738
3495,3495,9516,883
3496,3496,9516,1617
3497,3497,9516,740
3498,3498,9516,1439
3499,3499,9516,42
3500,3500,9540,1
3501,3501,9540,17
3502,3502,9540,1618
3503,3503,9540,1619
3504,3504,9540,1620
3505,3505,9561,413
3506,3506,9561,38
3507,3507,9561,1621
3508,3508,9561,1622
3509,3509,9561,1623
3510,3510,9561,1624
3511,3511,9585,1
3512,3512,9585,17
3513,3513,9585,1625
3514,3514,9585,4
3515,3515,9608,9
3516,3516,9608,38
3517,3517,9608,189
3518,3518,9608,188
3519,3519,9608,1249
3520,3520,9608,190
3521,3521,9608,492
3522,3522,9608,493
3523,3523,9635,1
3524,3524,9635,17
3525,3525,9635,291
3526,3526,9635,1626
3527,3527,9635,1627
3528,3528,9635,368
3529,3529,9658,1
3530,3530,9658,38
3531,3531,9658,1628
3532,3532,9658,1629
3533,3533,9658,1022
3534,3534,9658,1630
3535,3535,9658,1005
3536,3536,9685,1
3537,3537,9685,38
3538,3538,9685,330
3539,3539,9685,1631
3540,3540,9685,1025
3541,3541,9685,1632
3542,3542,9707,31
3543,3543,9707,105
3544,3544,9707,1633
3545,3545,9707,1634
3546,3546,9707,1281
3547,3547,9707,1282
3548,3548,9707,1635
3549,3549,9707,1636
3550,3550,9707,1284
3551,3551,9707,1637
3552,3552,9729,9
3553,3553,9729,17
3554,3554,9729,1638
3555,3555,9729,4
3556,3556,9729,5
3557,3557,9729,6
3558,3558,9729,1639
3559,3559,9729,1640
3560,3560,9729,1641
3561,3561,9729,862
3562,3562,9729,1642
3563,3563,9729,1643
3564,3564,9729,1007
3565,3565,9729,187
3566,3566,9729,1644
3567,3567,9729,1645
3568,3568,9729,1646
3569,3569,9729,1647
3570,3570,9759,1
3571,3571,9759,38
3572,3572,9759,879
3573,3573,9759,189
3574,3574,9759,190
3575,3575,9759,492
3576,3576,9759,546
3577,3577,9759,1648
3578,3578,9781,1
3579,3579,9781,17
3580,3580,9781,1649
3581,3581,9781,1650
3582,3582,9781,134
3583,3583,9781,77
3584,3584,9804,1
3585,3585,9804,38
3586,3586,9804,725
3587,3587,9804,1651
3588,3588,9804,1652
3589,3589,9804,1653
3590,3590,9804,1654
3591,3591,9829,1
3592,3592,9829,38
3593,3593,9829,233
3594,3594,9829,1540
3595,3595,9829,1539
3596,3596,9829,880
3597,3597,9829,234
3598,3598,9829,1655
3599,3599,9829,455
3600,3600,9829,1554
3601,3601,9829,57
3602,3602,9829,1656
3603,3603,9829,1657
3604,3604,9829,1658
3605,3605,9829,408
3606,3606,9852,1
3607,3607,9852,17
3608,3608,9852,1659
3609,3609,9852,98
3610,3610,9852,1660
3611,3611,9852,1661
3612,3612,9852,102
3613,3613,9873,1
3614,3614,9873,38
3615,3615,9873,1662
3616,3616,9873,1663
3617,3617,9873,1664
3618,3618,9873,1665
3619,3619,9873,121
3620,3620,9873,1666
3621,3621,9873,295
3622,3622,9896,9
3623,3623,9896,17
3624,3624,9896,1667
3625,3625,9896,1668
3626,3626,9896,1669
3627,3627,9896,1670
3628,3628,9896,295
3629,3629,9920,1
3630,3630,9920,105
3631,3631,9920,1671
3632,3632,9920,1672
3633,3633,9920,1673
3634,3634,9920,1674
3635,3635,9920,217
3636,3636,9946,1
3637,3637,9946,38
3638,3638,9946,177
3639,3639,9946,140
3640,3640,9946,147
3641,3641,9946,142
3642,3642,9946,15
3643,3643,9946,1675
3644,3644,9987,1
3645,3645,9987,17
3646,3646,9987,58
3647,3647,9987,59
3648,3648,9987,60
3649,3649,9987,61
3650,3650,10010,1
3651,3651,10010,17
3652,3652,10010,1676
3653,3653,10010,1677
3654,3654,10010,1678
3655,3655,10010,1679
3656,3656,10010,928
3657,3657,10010,15
3658,3658,10010,1666
3659,3659,10010,1172
3660,3660,10030,1
3661,3661,10030,105
3662,3662,10030,1680
3663,3663,10030,28
3664,3664,10030,660
3665,3665,10030,40
3666,3666,10030,217
3667,3667,10030,561
3668,3668,10054,1
3669,3669,10054,38
3670,3670,10054,177
3671,3671,10054,139
3672,3672,10054,102
3673,3673,10054,1681
3674,3674,10054,1682
3675,3675,10054,15
3676,3676,10076,1
3677,3677,10076,38
3678,3678,10076,206
3679,3679,10076,1683
3680,3680,10076,215
3681,3681,10076,1684
3682,3682,10076,1685
3683,3683,10076,1686
3684,3684,10102,1
3685,3685,10102,17
3686,3686,10102,1687
3687,3687,10102,98
3688,3688,10102,1660
3689,3689,10102,99
3690,3690,10102,15
3691,3691,10102,287
3692,3692,10102,187
3693,3693,10102,881
3694,3694,10102,621
3695,3695,10102,1688
3696,3696,10102,1689
3697,3697,10102,295
3698,3698,10102,313
3699,3699,10102,1690
3700,3700,10102,250
3701,3701,10102,1691
3702,3702,10128,1
3703,3703,10128,17
3704,3704,10128,775
3705,3705,10128,776
3706,3706,10128,1692
3707,3707,10128,355
3708,3708,10128,778
3709,3709,10128,779
3710,3710,10128,1523
3711,3711,10128,1693
3712,3712,10128,187
3713,3713,10128,1694
3714,3714,10128,337
3715,3715,10128,1695
3716,3716,10149,1
3717,3717,10149,38
3718,3718,10149,1696
3719,3719,10149,1697
3720,3720,10149,1698
3721,3721,10149,1699
3722,3722,10149,1700
3723,3723,10177,298
3724,3724,10177,213
3725,3725,10177,1701
3726,3726,10177,206
3727,3727,10208,1
3728,3728,10208,105
3729,3729,10208,1702
3730,3730,10208,1703
3731,3731,10208,1704
3732,3732,10208,177
3733,3733,10208,140
3734,3734,10208,137
3735,3735,10208,138
3736,3736,10208,208
3737,3737,10208,178
3738,3738,10208,287
3739,3739,10233,1
3740,3740,10233,17
3741,3741,10233,403
3742,3742,10233,404
3743,3743,10269,1
3744,3744,10269,17
3745,3745,10269,1705
3746,3746,10269,725
3747,3747,10296,1
3748,3748,10296,44
3749,3749,10296,1706
3750,3750,10296,98
3751,3751,10296,1707
3752,3752,10296,662
3753,3753,10327,1
3754,3754,10327,17
3755,3755,10327,403
3756,3756,10327,404
3757,3757,10360,1
3758,3758,10360,17
3759,3759,10360,1708
3760,3760,10360,700
3761,3761,10388,1
3762,3762,10388,17
3763,3763,10388,403
3764,3764,10388,404
3765,3765,10418,1
3766,3766,10418,38
3767,3767,10418,1709
3768,3768,10418,1710
3769,3769,10418,351
3770,3770,10418,349
3771,3771,10418,1711
3772,3772,10418,1712
3773,3773,10418,1713
3774,3774,10418,1714
3775,3775,10418,1715
3776,3776,10447,1
3777,3777,10447,44
3778,3778,10447,1716
3779,3779,10447,629
3780,3780,10447,1717
3781,3781,10447,1718
3782,3782,10447,502
3783,3783,10468,1
3784,3784,10468,213
3785,3785,10468,1719
3786,3786,10468,1720
3787,3787,10468,1721
3788,3788,10468,1722
3789,3789,10468,1723
3790,3790,10468,502
3791,3791,10468,1724
3792,3792,10468,1361
3793,3793,10468,1725
3794,3794,10468,1726
3795,3795,10468,584
3796,3796,10468,1727
3797,3797,10491,1
3798,3798,10491,17
3799,3799,10491,1728
3800,3800,10491,1729
3801,3801,10491,1730
3802,3802,10491,1731
3803,3803,10491,1732
3804,3804,10491,1733
3805,3805,10491,508
3806,3806,10491,1734
3807,3807,10491,1735
3808,3808,10491,1736
3809,3809,10491,1737
3810,3810,10491,507
3811,3811,10491,1738
3812,3812,10491,1739
3813,3813,10491,459
3814,3814,10520,1
3815,3815,10520,2
3816,3816,10520,1740
3817,3817,10520,177
3818,3818,10520,948
3819,3819,10520,1741
3820,3820,10520,510
3821,3821,10520,697
3822,3822,10520,1742
3823,3823,10520,50
3824,3824,10545,1
3825,3825,10545,38
3826,3826,10545,10
3827,3827,10545,1743
3828,3828,10545,1744
3829,3829,10572,1
3830,3830,10572,44
3831,3831,10572,773
3832,3832,10572,738
3833,3833,10572,1219
3834,3834,10603,1
3835,3835,10603,213
3836,3836,10603,1745
3837,3837,10603,348
3838,3838,10603,476
3839,3839,10603,1746
3840,3840,10603,352
3841,3841,10603,1747
3842,3842,10603,1748
3843,3843,10603,1247
3844,3844,10603,832
3845,3845,10628,413
3846,3846,10628,38
3847,3847,10628,98
3848,3848,10628,662
3849,3849,10628,1749
3850,3850,10628,1694
3851,3851,10628,15
3852,3852,10651,1
3853,3853,10651,38
3854,3854,10651,1750
3855,3855,10651,1751
3856,3856,10651,1752
3857,3857,10651,405
3858,3858,10651,57
3859,3859,10676,1
3860,3860,10676,17
3861,3861,10676,1753
3862,3862,10676,20
3863,3863,10676,1754
3864,3864,10676,1755
3865,3865,10676,1756
3866,3866,10676,22
3867,3867,10676,1757
3868,3868,10676,287
3869,3869,10676,250
3870,3870,10676,187
3871,3871,10676,77
3872,3872,10676,451
3873,3873,10698,1
3874,3874,10698,38
3875,3875,10698,1758
3876,3876,10698,1759
3877,3877,10698,1760
3878,3878,10698,1761
3879,3879,10698,1762
3880,3880,10698,1763
3881,3881,10698,250
3882,3882,10698,568
3883,3883,10698,1764
3884,3884,10720,1
3885,3885,10720,105
3886,3886,10720,1765
3887,3887,10720,1766
3888,3888,10720,1767
3889,3889,10720,1768
3890,3890,10720,1769
3891,3891,10720,250
3892,3892,10720,1770
3893,3893,10744,1
3894,3894,10744,38
3895,3895,10744,10
3896,3896,10744,1743
3897,3897,10765,1
3898,3898,10765,38
3899,3899,10765,386
3900,3900,10765,1771
3901,3901,10765,1772
3902,3902,10765,1773
3903,3903,10765,1774
3904,3904,10798,1
3905,3905,10798,38
3906,3906,10798,1775
3907,3907,10798,1776
3908,3908,10798,1777
3909,3909,10798,1778
3910,3910,10798,102
3911,3911,10798,143
3912,3912,10821,1
3913,3913,10821,38
3914,3914,10821,98
3915,3915,10821,1779
3916,3916,10821,1066
3917,3917,10821,717
3918,3918,10821,301
3919,3919,10844,1
3920,3920,10844,38
3921,3921,10844,90
3922,3922,10844,92
3923,3923,10844,93
3924,3924,10844,96
3925,3925,10844,1780
3926,3926,10844,94
3927,3927,10867,1
3928,3928,10867,17
3929,3929,10867,943
3930,3930,10867,39
3931,3931,10867,127
3932,3932,10867,41
3933,3933,10867,368
3934,3934,10867,256
3935,3935,10889,1
3936,3936,10889,38
3937,3937,10889,1781
3938,3938,10889,1782
3939,3939,10889,1783
3940,3940,10889,1784
3941,3941,10889,1272
3942,3942,10889,250
3943,3943,10889,1785
3944,3944,10889,1148
3945,3945,10889,1786
3946,3946,10889,888
3947,3947,10889,1787
3948,3948,10915,1
3949,3949,10915,38
3950,3950,10915,177
3951,3951,10915,206
3952,3952,10915,1788
3953,3953,10915,1789
3954,3954,10915,1790
3955,3955,10936,1
3956,3956,10936,38
3957,3957,10936,233
3958,3958,10936,234
3959,3959,10936,1539
3960,3960,10936,881
3961,3961,10936,621
3962,3962,10936,337
3963,3963,10936,832
3964,3964,10959,1
3965,3965,10959,17
3966,3966,10959,1791
3967,3967,10959,1792
3968,3968,10959,1793
3969,3969,10959,1794
3970,3970,10959,1795
3971,3971,10959,102
3972,3972,10959,1142
3973,3973,10959,1796
3974,3974,10959,1797
3975,3975,10982,1
3976,3976,10982,44
3977,3977,10982,1798
3978,3978,10982,1799
3979,3979,10982,1800
3980,3980,10982,1801
3981,3981,10982,187
3982,3982,10982,1802
3983,3983,11004,1
3984,3984,11004,38
3985,3985,11004,90
3986,3986,11004,300
3987,3987,11033,1
3988,3988,11033,38
3989,3989,11033,39
3990,3990,11033,127
3991,3991,11033,41
3992,3992,11033,1803
3993,3993,11033,1804
3994,3994,11033,1805
3995,3995,11059,9
3996,3996,11059,17
3997,3997,11059,1806
3998,3998,11059,98
3999,3999,11059,1660
4000,4000,11059,99
4001,4001,11059,101
4002,4002,11059,1202
4003,4003,11059,1807
4004,4004,11092,1
4005,4005,11092,38
4006,4006,11092,90
4007,4007,11092,1808
4008,4008,11092,96
4009,4009,11092,92
4010,4010,11116,1
4011,4011,11116,38
4012,4012,11116,98
4013,4013,11116,189
4014,4014,11116,190
4015,4015,11116,500
4016,4016,11116,116
4017,4017,11116,250
4018,4018,11140,1
4019,4019,11140,2
4020,4020,11140,1809
4021,4021,11140,233
4022,4022,11140,1810
4023,4023,11140,1811
4024,4024,11140,1540
4025,4025,11140,1812
4026,4026,11140,1813
4027,4027,11170,1
4028,4028,11170,38
4029,4029,11170,1003
4030,4030,11170,1814
4031,4031,11190,9
4032,4032,11190,38
4033,4033,11190,1563
4034,4034,11190,99
4035,4035,11190,250
4036,4036,11220,9
4037,4037,11220,17
4038,4038,11220,1484
4039,4039,11220,1485
4040,4040,11220,284
4041,4041,11220,285
4042,4042,11245,31
4043,4043,11245,38
4044,4044,11245,1815
4045,4045,11245,1816
4046,4046,11245,1817
4047,4047,11267,1
4048,4048,11267,17
4049,4049,11267,1818
4050,4050,11267,1819
4051,4051,11267,1820
4052,4052,11267,1821
4053,4053,11292,1
4054,4054,11292,575
4055,4055,11292,98
4056,4056,11292,101
4057,4057,11292,1202
4058,4058,11321,1
4059,4059,11321,44
4060,4060,11321,1822
4061,4061,11321,1823
4062,4062,11321,1824
4063,4063,11321,1825
4064,4064,11321,1219
4065,4065,11345,9
4066,4066,11345,17
4067,4067,11345,1826
4068,4068,11345,1298
4069,4069,11345,1827
4070,4070,11345,1828
4071,4071,11345,982
4072,4072,11345,1829
4073,4073,11345,1554
4074,4074,11345,15
4075,4075,11345,1830
4076,4076,11367,1
4077,4077,11367,17
4078,4078,11367,754
4079,4079,11367,20
4080,4080,11367,21
4081,4081,11367,22
4082,4082,11367,1805
4083,4083,11367,1831
4084,4084,11367,1832
4085,4085,11389,1
4086,4086,11389,38
4087,4087,11389,1573
4088,4088,11389,1575
4089,4089,11389,1833
4090,4090,11389,102
4091,4091,11389,1834
4092,4092,11412,9
4093,4093,11412,105
4094,4094,11412,1835
4095,4095,11412,1836
4096,4096,11412,1837
4097,4097,11412,1838
4098,4098,11412,1839
4099,4099,11412,1840
4100,4100,11412,1841
4101,4101,11412,1842
4102,4102,11412,142
4103,4103,11412,1843
4104,4104,11412,1844
4105,4105,11412,1845
4106,4106,11434,1
4107,4107,11434,44
4108,4108,11434,1846
4109,4109,11434,1847
4110,4110,11434,646
4111,4111,11434,386
4112,4112,11434,1848
4113,4113,11434,387
4114,4114,11434,1545
4115,4115,11434,1849
4116,4116,11434,1850
4117,4117,11434,1851
4118,4118,11434,1852
4119,4119,11434,1853
4120,4120,11434,1854
4121,4121,11434,1757
4122,4122,11434,1855
4123,4123,11434,1856
4124,4124,11434,1857
4125,4125,11458,1
4126,4126,11458,17
4127,4127,11458,1858
4128,4128,11458,1620
4129,4129,11479,1
4130,4130,11479,17
4131,4131,11479,1859
4132,4132,11479,1175
4133,4133,11479,1860
4134,4134,11479,285
4135,4135,11504,1
4136,4136,11504,17
4137,4137,11504,1861
4138,4138,11504,188
4139,4139,11504,1249
4140,4140,11504,1289
4141,4141,11504,1805
4142,4142,11504,1862
4143,4143,11504,1863
4144,4144,11526,204
4145,4145,11526,17
4146,4146,11526,1864
4147,4147,11526,1865
4148,4148,11526,1866
4149,4149,11526,1867
4150,4150,11548,1
4151,4151,11548,44
4152,4152,11548,1868
4153,4153,11548,1869
4154,4154,11548,1870
4155,4155,11548,1871
4156,4156,11548,15
4157,4157,11548,287
4158,4158,11548,1872
4159,4159,11573,413
4160,4160,11573,31
4161,4161,11573,213
4162,4162,11573,1873
4163,4163,11573,1874
4164,4164,11573,1875
4165,4165,11573,1843
4166,4166,11573,1876
4167,4167,11573,1877
4168,4168,11573,1878
4169,4169,11573,1879
4170,4170,11573,1880
4171,4171,11573,1881
4172,4172,11573,1882
4173,4173,11573,250
4174,4174,11573,1883
4175,4175,11595,1
4176,4176,11595,44
4177,4177,11595,1884
4178,4178,11595,20
4179,4179,11595,21
4180,4180,11595,1885
4181,4181,11595,1886
4182,4182,11595,1134
4183,4183,11615,1
4184,4184,11615,17
4185,4185,11615,1887
4186,4186,11615,1888
4187,4187,11615,1889
4188,4188,11615,1890
4189,4189,11615,1891
4190,4190,11615,1892
4191,4191,11615,1893
4192,4192,11615,1894
4193,4193,11615,187
